property_id,city,locality,property_type,bhk,area_sqft,bathrooms,floor,age_years,amenities,amenity_score,price,school_nearby,hospital_nearby,metro_nearby,mall_nearby,location_score,rent_yield,capital_apprec,investment_score,is_fraud
1001,Delhi,Dwarka,Independent House,2,914,2,4,23,Play Area,1,8868763,5.5,5.9,0.3,0.9,3.15,3.4,9.43,6.42,0
1002,Jaipur,Malviya Nagar,Commercial,0,2018,1,14,18,Visitor Parking|Gym|Parking|Club House,4,9956200,1.6,9.6,3.4,0.9,3.88,2.58,12.86,7.72,0
1003,Surat,Katargam,Apartment,4,1749,4,3,29,Swimming Pool|Intercom|Lift|Play Area|CCTV|Garden,6,5233415,7.0,0.5,2.3,2.9,3.18,2.48,4.26,3.37,0
1004,Delhi,Saket,Independent House,4,1850,4,26,11,Garden|Fire Safety,2,31652136,2.7,9.4,6.5,6.1,6.18,3.03,11.21,7.12,0
1005,Bangalore,Indiranagar,Plot,0,3011,3,0,22,Security|Play Area|Garden|Gym|Fire Safety|Visitor Parking|Jogging Track|CCTV,8,33600860,2.1,9.4,8.8,3.1,5.85,5.93,6.54,6.23,0
1006,Ahmedabad,Satellite,Independent House,2,926,2,23,17,Lift|Jogging Track|CCTV|Club House|Visitor Parking|Play Area|Garden|Swimming Pool,8,5294369,1.4,4.9,7.6,8.6,5.62,2.92,3.24,3.08,0
1007,Kolkata,Alipore,Apartment,4,1590,4,19,14,Lift|Intercom|Gym|Play Area|Swimming Pool|Visitor Parking|Fire Safety|Club House,8,13722765,1.1,4.3,4.5,9.5,4.85,7.26,4.69,5.97,0
1008,Jaipur,Malviya Nagar,Commercial,0,735,3,9,26,Intercom|CCTV|Security|Parking|Garden|Play Area|Gym|Lift|Fire Safety|Jogging Track,10,1114463,9.3,8.8,8.3,3.1,7.38,2.35,13.29,7.82,1
1009,Delhi,Dwarka,Plot,0,1366,3,0,24,Parking|Play Area,2,12229826,5.5,2.7,8.7,4.2,5.27,3.27,8.55,5.91,0
1010,Hyderabad,Madhapur,Plot,0,3859,2,0,28,Power Backup|Swimming Pool|Security|Jogging Track|Visitor Parking|Garden|Gym|Lift,8,30527305,5.9,0.1,7.1,0.6,3.42,2.4,1.44,1.92,0
1011,Pune,Hinjewadi,Commercial,0,1274,2,21,15,Intercom|Parking|Jogging Track,3,10471848,5.7,4.7,7.8,8.1,6.57,3.14,2.36,2.75,0
1012,Kolkata,Park Street,Plot,0,4167,2,0,27,Gym|Play Area|Visitor Parking|Jogging Track|Swimming Pool|Fire Safety|Club House|Garden|Parking|Intercom|CCTV,11,23242621,5.4,1.4,1.8,4.6,3.3,7.25,2.06,4.66,0
1013,Jaipur,Vaishali Nagar,Apartment,1,647,1,29,24,Security|Parking|Club House|Power Backup|Play Area|Fire Safety|Jogging Track|Gym|Swimming Pool|Intercom|CCTV|Garden|Visitor Parking,13,3058555,7.9,2.9,7.0,7.3,6.28,6.7,10.27,8.48,0
1014,Ahmedabad,Satellite,Villa,4,3583,4,0,30,,0,13807326,5.4,7.5,0.6,5.8,4.83,5.02,12.94,8.98,0
1015,Bangalore,Koramangala,Commercial,0,628,1,2,19,Play Area,1,6377332,4.0,9.4,5.7,5.8,6.23,2.24,2.15,2.2,0
1016,Surat,Althan,Commercial,0,1595,2,6,21,Garden|Security|Lift|Club House|Parking|Jogging Track|Power Backup|CCTV|Gym|Fire Safety|Visitor Parking,11,6171117,5.6,1.0,5.4,5.1,4.28,2.79,5.89,4.34,0
1017,Delhi,Rohini,Independent House,3,1161,3,14,26,Jogging Track|Lift|CCTV|Play Area|Intercom|Gym|Visitor Parking|Garden,8,9209040,8.8,2.6,8.9,7.4,6.93,2.93,4.94,3.94,0
1018,Hyderabad,Madhapur,Villa,5,3962,5,0,16,Lift|Gym|Swimming Pool|Play Area|Club House|Fire Safety|Visitor Parking,7,10677915,7.7,6.4,2.6,7.4,6.03,5.31,6.99,6.15,1
1019,Mumbai,Bandra,Apartment,2,1079,2,1,26,CCTV|Intercom|Parking|Club House|Jogging Track,5,25190392,3.6,9.3,9.7,0.4,5.75,4.15,10.55,7.35,0
1020,Delhi,Vasant Kunj,Commercial,0,1964,3,23,4,Security|Parking|Visitor Parking|Club House|Gym|Jogging Track|Garden|Play Area|Fire Safety|Swimming Pool|Intercom|CCTV|Power Backup|Lift,14,34317952,8.6,2.2,8.2,4.6,5.9,3.83,12.13,7.98,0
1021,Hyderabad,Gachibowli,Apartment,2,1004,2,10,8,Swimming Pool|Visitor Parking|Lift|Garden|Intercom|Club House|Play Area|Gym|CCTV|Parking|Fire Safety|Jogging Track|Security,13,10495268,6.0,3.5,7.9,4.4,5.45,7.91,2.62,5.27,0
1022,Surat,Vesu,Independent House,1,823,1,0,16,Visitor Parking|Intercom|Play Area|Jogging Track|Security|Garden|Club House|Gym|Fire Safety|Parking|Lift|CCTV|Power Backup|Swimming Pool,14,4225329,6.7,3.3,7.0,5.5,5.62,3.15,10.31,6.73,0
1023,Kolkata,New Town,Commercial,0,2631,2,12,17,Gym|Lift|Visitor Parking|Security|Club House|Garden|Power Backup|Play Area|CCTV|Swimming Pool|Intercom|Parking|Fire Safety,13,15009720,2.8,6.6,6.2,0.9,4.12,7.71,4.29,6.0,0
1024,Chennai,T Nagar,Villa,3,2000,3,0,1,Power Backup|CCTV|Swimming Pool,3,17708104,8.9,5.8,7.2,3.8,6.42,4.4,3.07,3.74,0
1025,Mumbai,Bandra,Plot,0,2592,1,0,25,Intercom|Power Backup|Gym|Fire Safety|Security|Swimming Pool|Visitor Parking|Play Area|CCTV|Lift|Parking,11,66869217,8.9,6.1,7.2,5.0,6.8,6.98,8.67,7.83,0
1026,Bangalore,Indiranagar,Plot,0,2923,1,0,26,Lift|Visitor Parking|Intercom|Power Backup|Security|Fire Safety|Play Area|Gym|Garden|Parking,10,32405881,3.4,8.9,0.8,1.5,3.65,4.3,3.14,3.72,0
1027,Hyderabad,Banjara Hills,Plot,0,4139,2,0,17,Club House|Gym|Security|Fire Safety|Play Area|Visitor Parking|CCTV,7,42551542,9.4,3.0,3.9,8.9,6.3,7.01,8.54,7.77,0
1028,Jaipur,Ajmer Road,Villa,4,3597,4,0,8,Power Backup|Gym|Club House|Garden|Jogging Track|Parking,6,16259507,9.2,9.8,5.3,9.1,8.35,5.55,10.28,7.91,0
1029,Delhi,Saket,Villa,4,3288,4,0,1,Club House|Garden|Security|Power Backup,4,54140624,7.6,3.8,7.5,8.3,6.8,3.51,2.15,2.83,0
1030,Mumbai,Thane,Commercial,0,513,2,7,20,Visitor Parking,1,6558266,0.4,0.3,2.5,8.4,2.9,5.73,4.34,5.04,0
1031,Ahmedabad,Bodakdev,Commercial,0,1192,2,22,8,Garden|Parking|CCTV|Jogging Track|Swimming Pool|Visitor Parking|Lift|Gym|Power Backup|Club House|Intercom|Security,12,7014681,9.6,4.0,7.2,0.8,5.4,6.14,9.78,7.96,0
1032,Delhi,Vasant Kunj,Commercial,0,795,3,25,1,Intercom|Club House|Play Area|Garden|Swimming Pool,5,17079492,3.4,8.5,8.2,1.1,5.3,7.76,9.9,8.83,0
1033,Ahmedabad,Satellite,Plot,0,2242,3,0,16,Lift|CCTV|Intercom|Power Backup|Play Area|Club House|Fire Safety|Parking|Swimming Pool|Gym,10,13450912,4.5,7.5,5.7,6.7,6.1,4.02,7.92,5.97,0
1034,Pune,Kharadi,Plot,0,2537,2,0,25,Garden|Lift|CCTV|Visitor Parking,4,17661296,5.2,1.9,2.4,4.1,3.4,5.33,4.36,4.85,0
1035,Ahmedabad,Navrangpura,Plot,0,941,1,0,9,Club House|Jogging Track|Security,3,5640227,5.8,4.7,5.3,4.3,5.03,6.48,5.63,6.05,0
1036,Ahmedabad,Prahlad Nagar,Independent House,3,1236,3,3,23,Garden|Swimming Pool|Jogging Track,3,6191716,7.6,1.9,2.2,4.8,4.12,6.35,14.67,10.51,0
1037,Jaipur,Ajmer Road,Independent House,1,699,1,9,7,Parking|Lift|Gym|Intercom|Fire Safety,5,3122903,9.7,5.5,7.0,1.3,5.88,7.21,7.87,7.54,0
1038,Mumbai,Borivali,Independent House,4,1690,4,14,10,Gym|Lift,2,23547569,4.8,8.2,4.0,0.7,4.42,5.78,1.75,3.77,0
1039,Bangalore,Hebbal,Independent House,1,727,1,3,17,Club House|CCTV|Visitor Parking|Jogging Track|Security|Intercom|Fire Safety|Play Area|Power Backup|Parking|Garden|Swimming Pool,12,5436090,0.6,9.6,1.0,7.6,4.7,5.75,4.71,5.23,0
1040,Delhi,Rohini,Villa,3,2414,3,0,5,,0,25157703,6.9,4.7,0.3,2.9,3.7,3.7,13.03,8.37,0
1041,Delhi,Rohini,Independent House,2,1017,2,3,17,Play Area|Parking|Lift,3,9944607,0.7,1.7,3.1,7.5,3.25,5.42,5.04,5.23,0
1042,Delhi,Saket,Independent House,4,1478,4,16,17,Power Backup|Swimming Pool|CCTV|Gym|Club House|Garden|Lift,7,22354197,2.3,6.7,8.6,5.9,5.88,2.12,11.71,6.92,0
1043,Chennai,Adyar,Apartment,2,1040,2,16,20,Lift|Parking|CCTV|Club House|Power Backup|Swimming Pool|Jogging Track,7,9261038,3.3,6.7,8.6,3.3,5.48,6.16,5.04,5.6,0
1044,Kolkata,Alipore,Apartment,4,1290,4,10,8,Swimming Pool|Visitor Parking|Club House|Intercom|Gym,5,10033011,5.4,4.1,1.9,3.6,3.75,6.54,9.76,8.15,0
1045,Mumbai,Andheri,Independent House,2,1274,2,9,14,Jogging Track|Power Backup|Swimming Pool|Gym|CCTV|Security|Parking|Visitor Parking|Lift|Play Area|Intercom|Garden|Club House|Fire Safety,14,21805585,1.2,8.3,5.0,7.2,5.42,5.05,4.83,4.94,0
1046,Ahmedabad,Navrangpura,Villa,4,2984,4,0,12,CCTV|Intercom|Jogging Track,3,15293643,8.6,2.8,7.9,4.1,5.85,7.61,8.11,7.86,0
1047,Mumbai,Powai,Independent House,4,1352,4,14,17,Garden|Fire Safety|Intercom|Jogging Track|Club House|Power Backup|Visitor Parking,7,27061249,9.8,2.4,3.8,8.6,6.15,4.46,5.45,4.96,0
1048,Ahmedabad,Navrangpura,Plot,0,2046,2,0,30,,0,9319925,9.7,3.3,1.0,8.5,5.62,2.6,13.75,8.18,0
1049,Mumbai,Thane,Villa,4,3064,4,0,2,Visitor Parking|Lift|Garden|CCTV|Club House|Swimming Pool|Jogging Track,7,53479951,8.6,3.8,3.2,7.2,5.7,6.56,13.21,9.88,0
1050,Mumbai,Borivali,Apartment,2,1123,2,21,29,Security|Jogging Track|Swimming Pool|Club House,4,12820803,7.6,7.0,1.0,1.7,4.33,3.8,1.41,2.6,0
1051,Pune,Hinjewadi,Independent House,3,1383,3,13,4,Intercom|Club House|CCTV,3,13678912,1.8,1.8,6.1,3.8,3.38,6.1,7.97,7.04,0
1052,Surat,Vesu,Villa,4,3880,4,0,14,Play Area|Gym|Power Backup|Lift,4,18363971,1.6,4.4,3.5,5.9,3.85,5.83,6.94,6.38,0
1053,Chennai,Porur,Independent House,2,996,2,27,15,Security,1,5661326,3.6,3.0,7.0,0.2,3.45,6.98,6.54,6.76,0
1054,Mumbai,Borivali,Apartment,4,1493,4,24,25,CCTV|Visitor Parking|Garden,3,21776045,1.9,2.5,7.6,7.7,4.92,6.09,2.91,4.5,0
1055,Delhi,Dwarka,Independent House,4,1234,4,18,11,Parking|Swimming Pool|Lift|Garden|Club House|Fire Safety|Security|Visitor Parking|Jogging Track|Intercom|Play Area,11,15835407,2.6,8.2,4.8,8.1,5.92,6.48,5.74,6.11,0
1056,Delhi,Saket,Apartment,2,1186,2,30,7,Play Area|Jogging Track|Fire Safety|Club House|Intercom|Garden|Swimming Pool|Visitor Parking|Security|Gym|Parking|CCTV|Lift,13,22498975,6.7,6.7,5.8,8.2,6.85,7.64,2.52,5.08,0
1057,Hyderabad,Kondapur,Apartment,3,1624,3,7,20,Play Area,1,10098782,9.1,3.0,4.1,1.4,4.4,7.68,5.26,6.47,0
1058,Ahmedabad,Bodakdev,Apartment,2,1254,2,17,4,Power Backup|Garden|Play Area|Intercom|Club House|Parking,6,7467025,6.5,8.3,6.2,9.4,7.6,3.68,10.66,7.17,0
1059,Hyderabad,Kondapur,Plot,0,2734,2,0,3,Garden|Intercom|Play Area|Fire Safety|Gym|Club House|Lift|Swimming Pool|CCTV|Security,10,24704511,2.1,6.4,9.7,0.5,4.67,4.0,14.84,9.42,0
1060,Surat,Vesu,Apartment,2,1100,2,6,26,Security|Garden|Parking|CCTV|Gym|Lift|Jogging Track|Swimming Pool|Intercom|Power Backup|Club House|Play Area|Visitor Parking,13,5414168,3.6,7.9,5.9,0.2,4.4,3.59,2.77,3.18,0
1061,Kolkata,Alipore,Apartment,1,843,1,14,24,Intercom|CCTV|Swimming Pool|Power Backup|Fire Safety,5,5337140,6.2,7.3,9.1,6.6,7.3,3.81,10.01,6.91,0
1062,Mumbai,Bandra,Plot,0,4090,2,0,21,Power Backup,1,104164071,4.4,9.0,3.2,1.5,4.53,2.76,9.74,6.25,0
1063,Surat,Althan,Independent House,4,1811,4,16,9,Intercom|CCTV|Club House|Swimming Pool|Play Area|Fire Safety|Security,7,7425727,8.9,4.1,8.3,4.0,6.33,6.38,5.38,5.88,0
1064,Pune,Baner,Independent House,2,1151,2,29,15,Swimming Pool,1,9382511,0.9,1.0,7.4,8.1,4.35,5.34,9.21,7.28,0
1065,Jaipur,Ajmer Road,Independent House,1,810,1,11,27,Visitor Parking|Club House|Jogging Track|Gym|Lift|CCTV|Garden|Play Area|Intercom|Power Backup,10,3117191,6.6,2.2,1.1,8.5,4.6,4.21,11.68,7.95,0
1066,Surat,Vesu,Plot,0,1015,3,0,29,Fire Safety|Jogging Track|Lift|Gym|Parking|Visitor Parking|Intercom|CCTV|Club House|Play Area,10,4797831,1.4,6.6,0.7,7.4,4.03,7.83,2.28,5.05,0
1067,Jaipur,Malviya Nagar,Plot,0,4239,2,0,10,Garden|Lift,2,22633557,7.8,5.7,0.8,0.5,3.7,2.94,9.65,6.29,0
1068,Delhi,Vasant Kunj,Plot,0,4273,2,0,19,Club House|Lift|Security|Intercom|Swimming Pool|Garden|Fire Safety,7,72013112,6.8,5.9,5.3,3.1,5.28,3.32,14.78,9.05,0
1069,Mumbai,Bandra,Villa,4,3530,4,0,24,Visitor Parking|Lift,2,91226219,1.2,5.0,4.3,1.3,2.95,5.2,4.22,4.71,0
1070,Jaipur,C-Scheme,Apartment,4,1959,4,1,13,,0,10183132,0.8,3.1,4.3,4.0,3.05,5.84,5.05,5.45,0
1071,Kolkata,Salt Lake,Independent House,2,1210,2,30,19,Fire Safety|Jogging Track|Garden|Swimming Pool|Club House|Play Area|Security,7,7121576,4.0,0.8,8.7,7.5,5.25,3.33,11.91,7.62,0
1072,Delhi,Lajpat Nagar,Apartment,2,1263,2,24,11,Jogging Track|Play Area|Parking|Security|Swimming Pool,5,20677765,2.0,6.0,7.6,6.6,5.55,3.06,11.82,7.44,0
1073,Ahmedabad,Navrangpura,Commercial,0,2673,2,21,29,CCTV|Play Area|Visitor Parking|Fire Safety|Garden|Jogging Track|Parking|Security|Gym|Club House|Lift|Power Backup|Swimming Pool|Intercom,14,12943951,3.5,0.7,4.6,0.4,2.3,4.21,5.02,4.62,0
1074,Delhi,Lajpat Nagar,Commercial,0,2376,2,14,18,Visitor Parking|Jogging Track|Gym|Power Backup|CCTV|Security|Garden|Lift,8,36934086,1.5,0.6,1.0,9.0,3.02,4.06,11.0,7.53,0
1075,Jaipur,Malviya Nagar,Apartment,2,1162,2,14,14,Intercom|CCTV|Parking|Garden|Play Area|Lift|Club House|Security,8,4990479,6.8,0.5,6.3,3.3,4.22,3.98,8.81,6.4,0
1076,Kolkata,Park Street,Independent House,2,970,2,2,18,Parking|Garden|Lift|Play Area|Club House|Fire Safety|Swimming Pool|Intercom|Jogging Track|Security,10,6667154,3.3,1.3,7.0,9.5,5.28,7.98,13.77,10.88,0
1077,Delhi,Saket,Commercial,0,1782,1,11,9,Security|Garden,2,27981589,4.9,2.3,1.4,0.8,2.35,7.07,2.42,4.75,0
1078,Jaipur,Ajmer Road,Apartment,3,1632,3,4,19,Parking|Fire Safety|Visitor Parking|CCTV|Jogging Track|Power Backup,6,6154725,3.6,7.2,9.7,6.1,6.65,6.51,11.97,9.24,0
1079,Hyderabad,Jubilee Hills,Villa,4,5642,4,0,28,Security|Garden|Play Area|CCTV|Power Backup|Jogging Track|Lift|Club House|Fire Safety|Intercom|Visitor Parking|Gym|Parking,13,55488337,1.4,2.5,6.4,8.7,4.75,5.33,2.44,3.88,0
1080,Jaipur,Vaishali Nagar,Independent House,1,682,1,8,14,Intercom|Parking|Club House|Swimming Pool|Security|Power Backup|Garden|Gym|CCTV|Jogging Track|Fire Safety|Visitor Parking|Play Area|Lift,14,3036508,0.8,2.2,3.2,1.0,1.8,6.29,5.69,5.99,0
1081,Bangalore,Whitefield,Apartment,3,1483,3,22,26,Visitor Parking|Jogging Track,2,11876725,6.2,9.1,0.2,2.2,4.42,2.9,14.16,8.53,0
1082,Surat,Althan,Plot,0,1710,2,0,7,Swimming Pool|Gym|Security|Club House,4,7859370,6.2,0.6,8.4,5.0,5.05,5.22,9.85,7.54,0
1083,Surat,Vesu,Villa,4,5316,4,0,0,Garden|Security|CCTV|Club House|Parking|Swimming Pool|Fire Safety|Gym|Lift,9,35378208,7.9,5.1,0.2,8.7,5.47,2.26,6.42,4.34,0
1084,Pune,Baner,Apartment,3,1069,3,11,7,Play Area|Fire Safety|Swimming Pool|CCTV|Garden|Parking|Gym|Intercom|Lift|Club House|Jogging Track,11,11106633,6.8,9.8,4.8,1.8,5.8,2.81,11.02,6.92,0
1085,Ahmedabad,Bodakdev,Independent House,2,822,2,25,6,Gym|Garden|Lift|Intercom|Club House|Play Area|Power Backup|Parking|Fire Safety|Swimming Pool|CCTV|Jogging Track|Visitor Parking|Security,14,4943291,8.0,4.4,4.0,4.4,5.2,7.74,5.75,6.75,0
1086,Bangalore,Indiranagar,Plot,0,3809,3,0,8,Swimming Pool|Jogging Track|Club House|Fire Safety|Visitor Parking|Parking|Lift|Intercom|Gym|Garden|CCTV|Security,12,50857876,4.5,7.2,1.7,4.4,4.45,4.68,11.18,7.93,0
1087,Pune,Hadapsar,Plot,0,3049,3,0,25,,0,18406602,6.4,3.6,8.0,6.8,6.2,7.72,3.0,5.36,0
1088,Surat,Piplod,Apartment,2,834,2,7,24,Garden|Fire Safety|Club House|CCTV|Gym|Parking|Power Backup|Intercom|Jogging Track|Security,10,3606426,5.7,5.3,4.0,6.5,5.38,3.5,2.59,3.04,0
1089,Bangalore,Indiranagar,Commercial,0,1885,3,3,8,Lift|Jogging Track|Power Backup|Security|CCTV|Fire Safety|Visitor Parking|Swimming Pool|Gym|Club House|Garden|Intercom,12,25109832,7.1,10.0,8.1,9.7,8.73,7.92,10.35,9.13,0
1090,Delhi,Lajpat Nagar,Commercial,0,1489,2,27,5,Jogging Track|Fire Safety|Play Area|Parking|Garden|Intercom|Security|Gym|Swimming Pool|CCTV|Lift,11,25500119,0.3,5.5,3.7,8.0,4.38,5.31,9.57,7.44,0
1091,Delhi,Dwarka,Independent House,4,1934,4,23,15,Club House|Visitor Parking|Fire Safety|CCTV|Swimming Pool|Parking|Garden|Power Backup,8,21470402,4.7,5.2,1.3,8.3,4.88,5.31,9.23,7.27,0
1092,Bangalore,Indiranagar,Commercial,0,526,1,16,4,Parking|Fire Safety|Garden|Security,4,7639025,9.4,8.9,8.5,2.5,7.33,5.81,8.71,7.26,0
1093,Bangalore,HSR Layout,Commercial,0,2485,1,16,20,CCTV|Fire Safety,2,22392306,6.6,7.2,6.1,8.4,7.07,5.38,12.55,8.96,0
1094,Mumbai,Bandra,Apartment,3,1215,3,24,18,CCTV|Play Area|Gym|Power Backup|Intercom|Lift,6,33319999,3.0,2.4,8.1,4.1,4.4,4.72,10.64,7.68,0
1095,Bangalore,Indiranagar,Plot,0,4766,2,0,6,CCTV|Parking|Garden|Jogging Track|Play Area,5,61512514,1.3,3.7,5.6,3.2,3.45,4.8,4.74,4.77,0
1096,Hyderabad,Gachibowli,Apartment,1,748,1,30,12,CCTV|Club House|Security|Parking|Garden|Fire Safety|Jogging Track|Visitor Parking|Swimming Pool|Power Backup|Lift|Intercom|Play Area,13,5910523,0.9,3.9,4.6,2.4,2.95,5.5,1.68,3.59,0
1097,Chennai,Porur,Commercial,0,2979,3,15,9,Gym|Swimming Pool|Club House|Parking|Lift|Garden|Jogging Track|Play Area,8,20979830,0.5,5.6,3.6,2.9,3.15,4.32,7.3,5.81,0
1098,Jaipur,C-Scheme,Commercial,0,2802,1,4,3,Garden|Visitor Parking|Fire Safety|Intercom|Jogging Track|Parking,6,18529463,5.1,5.0,0.5,1.4,3.0,4.0,7.63,5.81,0
1099,Ahmedabad,Satellite,Commercial,0,2411,1,10,29,Garden|Parking|Club House|CCTV|Lift|Fire Safety|Power Backup|Intercom|Play Area,9,12133134,8.2,3.7,6.7,9.8,7.1,5.5,12.15,8.82,0
1100,Mumbai,Borivali,Plot,0,2975,3,0,25,CCTV|Fire Safety|Security|Gym|Visitor Parking|Power Backup|Parking|Lift|Garden|Club House|Jogging Track|Play Area,12,44137824,2.4,5.7,7.0,1.9,4.25,4.65,6.86,5.76,0
1101,Kolkata,New Town,Plot,0,4910,3,0,29,Fire Safety|Jogging Track|Visitor Parking|Gym|Parking|Intercom|Security,7,20011983,10.0,4.8,3.8,9.6,7.05,4.76,8.46,6.61,0
1102,Jaipur,C-Scheme,Independent House,4,1396,4,30,7,Intercom|Lift|Security|Visitor Parking,4,8220078,7.0,6.9,4.9,4.8,5.9,5.36,14.08,9.72,0
1103,Chennai,Velachery,Apartment,4,1604,4,26,11,Visitor Parking|Parking|Lift|Gym|Jogging Track|Swimming Pool|Garden|Security|Power Backup|Fire Safety|Club House|Play Area,12,11973736,5.4,9.3,7.0,1.4,5.78,5.69,9.22,7.46,0
1104,Hyderabad,Banjara Hills,Commercial,0,1224,3,7,1,Club House,1,14602912,4.7,6.8,1.4,9.6,5.62,7.87,3.21,5.54,0
1105,Ahmedabad,Navrangpura,Villa,4,4431,4,0,9,Gym|Visitor Parking|Swimming Pool|Play Area|CCTV|Security|Fire Safety|Jogging Track|Intercom|Club House,10,26269207,0.4,8.4,7.9,1.9,4.65,6.49,13.21,9.85,0
1106,Chennai,Anna Nagar,Apartment,3,1581,3,19,3,Garden|Lift|Power Backup|Play Area|Intercom|CCTV|Jogging Track|Swimming Pool|Visitor Parking|Security|Parking|Gym|Fire Safety|Club House,14,16423506,4.6,2.6,1.9,7.4,4.12,6.74,8.95,7.84,0
1107,Hyderabad,Gachibowli,Commercial,0,2916,2,26,13,Garden|Swimming Pool|Club House|Play Area|Visitor Parking|Parking|Intercom|Security,8,28379757,2.5,2.6,2.4,7.5,3.75,7.72,5.23,6.47,0
1108,Surat,Adajan,Independent House,3,1241,3,1,21,Power Backup,1,5060276,4.1,5.0,9.0,7.0,6.28,3.87,2.64,3.25,0
1109,Chennai,Velachery,Commercial,0,1204,1,30,4,Parking|Power Backup|Jogging Track|CCTV|Garden|Club House|Visitor Parking,7,9719176,8.0,8.3,7.6,6.8,7.67,5.57,12.02,8.79,0
1110,Jaipur,Mansarovar,Commercial,0,1781,1,29,18,Gym,1,7257884,9.0,2.0,5.4,1.6,4.5,7.13,7.19,7.16,0
1111,Hyderabad,Jubilee Hills,Plot,0,1544,3,0,14,Gym|Power Backup|Parking|Intercom|Club House|Visitor Parking|Fire Safety|Lift|Security|Jogging Track|Play Area|Swimming Pool,12,15106751,0.0,2.2,0.7,4.2,1.78,6.2,8.58,7.39,0
1112,Mumbai,Bandra,Plot,0,1059,2,0,13,Visitor Parking|Parking,2,30383529,9.8,6.5,4.2,9.9,7.6,4.29,13.17,8.73,0
1113,Kolkata,Ballygunge,Apartment,2,1134,2,27,11,Parking,1,7886834,3.9,1.3,9.8,8.3,5.83,6.54,14.7,10.62,0
1114,Ahmedabad,Thaltej,Plot,0,3907,1,0,7,Garden|Parking|Lift|Security|Swimming Pool|Gym|Club House,7,25596967,9.4,8.9,2.4,0.7,5.35,5.56,7.25,6.4,0
1115,Mumbai,Andheri,Apartment,4,1649,4,7,17,Visitor Parking|Fire Safety|Gym,3,27483110,9.9,2.3,9.2,5.8,6.8,5.46,11.82,8.64,0
1116,Pune,Kharadi,Independent House,2,1138,2,16,7,Lift|Fire Safety|Gym|Intercom|CCTV|Parking,6,11201807,4.3,5.0,9.7,9.4,7.1,6.03,12.0,9.02,0
1117,Pune,Wakad,Plot,0,2022,2,0,12,Visitor Parking|Intercom,2,14931733,8.5,3.0,7.1,8.1,6.68,7.49,8.87,8.18,0
1118,Kolkata,Alipore,Commercial,0,849,2,7,8,Garden|Play Area|Swimming Pool,3,6016684,8.5,0.9,7.2,1.9,4.62,3.61,10.43,7.02,0
1119,Surat,Adajan,Apartment,2,1211,2,24,18,Play Area|Intercom|Security|Power Backup|Jogging Track|Garden|Lift|Gym|Swimming Pool|Visitor Parking|Club House,11,6063253,7.5,9.1,7.0,7.0,7.65,4.38,4.35,4.37,0
1120,Pune,Baner,Plot,0,4619,3,0,20,Lift|Fire Safety|Garden|Intercom|Power Backup,5,43190254,8.0,7.2,7.6,3.2,6.5,3.22,5.38,4.3,0
1121,Mumbai,Borivali,Villa,5,2995,5,0,0,Intercom|CCTV|Visitor Parking|Club House,4,59614425,2.0,2.3,5.7,2.5,3.12,5.3,14.21,9.76,0
1122,Pune,Baner,Plot,0,4818,2,0,5,Visitor Parking|Garden|Parking|Jogging Track|Intercom|Power Backup|Play Area|Lift|Fire Safety|Gym|Club House,11,49465118,0.7,8.2,0.5,0.1,2.37,2.82,9.83,6.33,0
1123,Delhi,Rohini,Apartment,2,1058,2,14,11,,0,11310752,6.7,6.2,4.8,4.9,5.65,2.04,8.72,5.38,0
1124,Mumbai,Bandra,Commercial,0,1425,3,9,0,Fire Safety|Jogging Track|Play Area|Club House|Parking|Swimming Pool|Intercom|Lift,8,44271492,1.9,5.3,8.2,2.7,4.52,4.38,6.22,5.3,0
1125,Kolkata,Ballygunge,Commercial,0,1296,3,7,9,Fire Safety|Swimming Pool|Play Area|Jogging Track|Gym|Visitor Parking|Club House|Security|Power Backup|Lift,10,10458156,6.4,7.0,0.8,8.5,5.68,5.87,5.64,5.75,0
1126,Delhi,Lajpat Nagar,Apartment,2,908,2,28,27,CCTV|Power Backup|Lift|Gym|Swimming Pool|Jogging Track|Play Area|Fire Safety|Parking|Visitor Parking|Club House,11,13489054,7.5,7.1,4.0,0.8,4.85,2.97,4.37,3.67,0
1127,Kolkata,Alipore,Independent House,4,1973,4,23,4,Jogging Track|Fire Safety|Swimming Pool|Intercom|Garden|Gym|Visitor Parking|Security|Power Backup|Play Area|Parking|Club House,12,16114445,9.5,4.0,7.7,0.3,5.38,3.64,14.9,9.27,0
1128,Ahmedabad,Satellite,Independent House,4,1642,4,5,21,Play Area|Club House|Swimming Pool|CCTV|Lift|Security|Jogging Track|Gym|Parking,9,8774154,7.1,6.3,7.4,3.2,6.0,2.64,1.07,1.85,0
1129,Chennai,Porur,Independent House,3,1104,3,4,2,Club House|Power Backup,2,7786491,5.1,1.0,0.9,5.5,3.12,5.58,11.98,8.78,0
1130,Kolkata,Salt Lake,Independent House,4,1597,4,24,2,Intercom|Security|CCTV|Fire Safety|Parking|Club House|Jogging Track|Swimming Pool|Power Backup|Garden|Lift,11,11003815,0.6,4.3,4.2,4.8,3.47,2.46,4.52,3.49,0
1131,Hyderabad,Kondapur,Commercial,0,2825,1,14,3,Lift|Gym,2,20198637,3.3,6.2,8.0,3.3,5.2,4.01,12.42,8.21,0
1132,Surat,Vesu,Independent House,3,1617,3,30,22,Power Backup|Garden|Parking,3,7131978,9.7,2.9,6.9,4.9,6.1,5.46,4.39,4.92,0
1133,Kolkata,Park Street,Plot,0,3790,1,0,29,Security|CCTV|Intercom|Parking|Jogging Track|Gym|Power Backup|Garden|Swimming Pool,9,19189278,2.9,6.9,8.2,8.0,6.5,4.45,7.99,6.22,0
1134,Chennai,T Nagar,Independent House,2,1166,2,13,25,Swimming Pool|Power Backup|CCTV|Visitor Parking|Jogging Track|Club House,6,9428486,9.2,8.7,4.2,0.4,5.62,7.81,10.82,9.31,0
1135,Jaipur,Ajmer Road,Apartment,1,727,1,21,21,Parking|Play Area|CCTV|Gym|Jogging Track,5,2514105,6.8,4.0,7.5,9.7,7.0,4.58,1.15,2.87,0
1136,Chennai,T Nagar,Commercial,0,2424,3,18,22,Security|Power Backup|Garden|Club House|Visitor Parking|Intercom|Parking|CCTV|Gym,9,22700952,3.0,9.2,0.9,8.3,5.35,6.38,5.88,6.13,0
1137,Pune,Wakad,Villa,5,5756,5,0,11,Swimming Pool|Power Backup|Jogging Track|Visitor Parking|Garden|Fire Safety|Lift,7,42388255,7.1,0.2,3.4,1.1,2.95,6.8,14.02,10.41,0
1138,Hyderabad,Jubilee Hills,Villa,5,3111,5,0,10,Club House|Power Backup|Security|Fire Safety|Parking|CCTV|Play Area|Jogging Track,8,35351779,6.1,2.0,5.9,3.9,4.47,6.23,3.88,5.05,0
1139,Delhi,Lajpat Nagar,Apartment,2,987,2,10,6,Swimming Pool|Lift|Play Area|Power Backup|Intercom|Garden|Club House,7,16494385,5.9,3.5,8.5,6.2,6.02,6.88,10.88,8.88,0
1140,Chennai,Adyar,Commercial,0,647,3,4,10,Security,1,5567215,1.8,6.9,5.1,4.2,4.5,2.83,6.37,4.6,0
1141,Bangalore,Indiranagar,Commercial,0,2942,1,17,5,Lift|Parking|Visitor Parking|Garden|Power Backup|Gym|Play Area,7,41106977,4.8,2.0,3.8,5.6,4.05,5.92,6.73,6.33,0
1142,Ahmedabad,Navrangpura,Plot,0,4803,1,0,2,Gym|Visitor Parking|Security|Lift|Fire Safety|Play Area|Jogging Track|Intercom|Parking,9,34002449,4.6,7.4,7.7,5.5,6.3,2.68,2.6,2.64,0
1143,Jaipur,C-Scheme,Commercial,0,470,3,14,17,Club House|Swimming Pool|Jogging Track,3,2205828,7.5,3.0,10.0,4.5,6.25,4.09,12.43,8.26,0
1144,Ahmedabad,Bodakdev,Villa,3,4672,3,0,27,CCTV|Play Area|Club House|Parking|Fire Safety|Visitor Parking|Security|Jogging Track|Swimming Pool|Gym|Intercom,11,23049835,6.0,1.7,9.8,2.9,5.1,5.44,14.33,9.88,0
1145,Jaipur,Vaishali Nagar,Villa,4,2285,4,0,8,Play Area|Parking|Jogging Track|Visitor Parking|Security|Fire Safety|Garden|Club House|Swimming Pool|CCTV|Lift|Gym|Power Backup,13,13094318,3.8,0.8,7.9,7.7,5.05,4.42,11.5,7.96,0
1146,Pune,Wakad,Plot,0,3481,3,0,0,Visitor Parking|Jogging Track|Swimming Pool|Power Backup|Garden|Fire Safety|Club House|Intercom|Security|Play Area|CCTV|Lift|Parking,13,34481335,3.4,5.8,5.7,4.9,4.95,4.06,10.56,7.31,0
1147,Mumbai,Bandra,Apartment,4,1216,4,3,29,Parking|Power Backup|Visitor Parking|Gym|Club House|Security|Fire Safety|Garden|Jogging Track|Swimming Pool|CCTV|Play Area|Lift,13,28481400,3.7,9.0,1.7,4.0,4.6,3.83,10.79,7.31,0
1148,Hyderabad,Kondapur,Apartment,1,600,1,6,15,Parking,1,3800664,5.2,4.5,0.1,3.4,3.3,2.72,13.04,7.88,0
1149,Bangalore,Indiranagar,Apartment,2,996,2,2,23,Swimming Pool|Fire Safety|Garden|Jogging Track|Lift|Parking|Club House|Power Backup|Visitor Parking|Play Area|Gym|Intercom,12,12080017,6.1,1.6,3.5,2.1,3.32,6.49,13.88,10.19,0
1150,Surat,Piplod,Villa,3,2623,3,0,4,Swimming Pool|CCTV|Jogging Track|Club House|Garden|Play Area|Visitor Parking|Intercom|Fire Safety|Power Backup|Parking|Security,12,14551765,5.5,6.0,6.1,7.8,6.35,6.14,12.87,9.5,0
1151,Chennai,T Nagar,Commercial,0,2785,3,6,23,Lift|Play Area|Gym|Security|Power Backup|Club House,6,22722955,5.0,5.9,5.3,9.8,6.5,7.92,14.07,11.0,0
1152,Bangalore,Indiranagar,Commercial,0,2023,2,17,21,Visitor Parking|Power Backup,2,22616737,7.7,0.2,0.7,2.6,2.8,2.24,1.85,2.04,0
1153,Kolkata,Alipore,Independent House,4,1633,4,22,12,Play Area,1,11322718,6.2,2.8,3.1,5.1,4.3,3.22,12.31,7.77,0
1154,Jaipur,C-Scheme,Plot,0,1341,2,0,22,Jogging Track|Security|Gym|Visitor Parking|Swimming Pool|Club House,6,7114838,6.1,0.6,6.7,6.6,5.0,3.05,1.18,2.11,0
1155,Bangalore,Koramangala,Villa,4,4640,4,0,16,Visitor Parking|Jogging Track|Lift|Parking|Garden|Play Area|Fire Safety|CCTV,8,62036653,7.7,0.3,8.1,2.7,4.7,2.38,10.97,6.68,0
1156,Surat,Adajan,Plot,0,4528,3,0,11,,0,19150072,5.7,3.7,2.6,1.0,3.25,5.44,11.12,8.28,0
1157,Hyderabad,Jubilee Hills,Apartment,1,606,1,7,1,Garden|Club House|Parking|Jogging Track|Gym|Intercom|Visitor Parking,7,8853028,2.5,9.2,3.2,8.3,5.8,5.43,2.67,4.05,0
1158,Mumbai,Andheri,Villa,5,2176,5,0,30,Swimming Pool|Power Backup|Lift|Jogging Track|Garden|Fire Safety,6,33180755,0.1,2.0,5.6,3.0,2.67,5.74,7.49,6.62,0
1159,Surat,Piplod,Villa,5,3808,5,0,4,,0,16668681,0.2,5.4,6.4,6.9,4.72,2.06,5.69,3.88,0
1160,Kolkata,Park Street,Apartment,2,1071,2,7,13,Gym|Parking|Jogging Track|Lift|Swimming Pool|Fire Safety|Security,7,7502925,5.2,7.0,3.7,9.7,6.4,2.51,2.34,2.42,0
1161,Bangalore,Indiranagar,Apartment,1,822,1,21,30,Security|Lift,2,7305445,3.2,8.0,7.0,7.4,6.4,3.91,4.81,4.36,0
1162,Delhi,Rohini,Villa,5,2692,5,0,4,Parking,1,29964780,3.1,1.2,3.6,7.7,3.9,4.71,7.49,6.1,0
1163,Delhi,Dwarka,Villa,5,4292,5,0,26,Jogging Track|CCTV|Gym|Security|Garden|Parking|Swimming Pool|Visitor Parking|Power Backup|Intercom|Play Area,11,46226571,6.8,2.6,9.9,0.3,4.9,4.43,7.33,5.88,0
1164,Jaipur,Malviya Nagar,Apartment,4,1304,4,25,25,Swimming Pool|Gym,2,5452583,7.8,2.2,2.0,4.0,4.0,6.12,14.13,10.12,0
1165,Delhi,Lajpat Nagar,Commercial,0,1360,1,0,2,Play Area|Power Backup|Parking,3,23065919,8.5,8.1,1.2,9.4,6.8,2.3,13.94,8.12,0
1166,Kolkata,Ballygunge,Plot,0,1041,2,0,21,Parking|Garden|Security|Fire Safety|Lift|CCTV,6,6934005,1.5,6.1,6.2,6.5,5.08,4.99,13.36,9.18,0
1167,Ahmedabad,Bodakdev,Apartment,3,1392,3,4,13,Play Area|Visitor Parking|Intercom,3,7976425,9.9,5.4,0.2,3.8,4.83,6.28,7.72,7.0,0
1168,Ahmedabad,Prahlad Nagar,Commercial,0,2357,2,12,8,Gym|Garden,2,17832053,0.3,8.1,2.8,8.1,4.82,4.83,6.0,5.42,0
1169,Surat,Vesu,Villa,3,3830,3,0,21,Lift|Intercom|Jogging Track,3,16681890,10.0,2.2,8.5,8.0,7.17,4.13,12.75,8.44,0
1170,Bangalore,Whitefield,Villa,5,4405,5,0,25,Jogging Track|Garden|CCTV|Gym|Visitor Parking|Parking|Security|Club House|Power Backup|Lift|Intercom,11,37217195,0.4,0.6,6.0,0.2,1.8,4.87,5.64,5.25,0
1171,Surat,Vesu,Villa,4,3253,4,0,29,Fire Safety|Garden|Gym|Jogging Track|Parking|CCTV|Swimming Pool|Club House|Lift|Intercom|Play Area|Power Backup,12,13118779,6.6,5.9,3.4,3.2,4.78,7.86,11.25,9.55,0
1172,Kolkata,Ballygunge,Independent House,2,1162,2,30,17,CCTV|Visitor Parking|Garden|Security|Fire Safety|Parking|Club House|Intercom|Jogging Track|Power Backup|Swimming Pool,11,7705245,0.0,7.0,5.7,8.5,5.3,6.62,8.94,7.78,0
1173,Bangalore,Hebbal,Independent House,2,1127,2,18,3,Power Backup|Parking|Garden|Swimming Pool|Security|Jogging Track|Intercom|Play Area|Fire Safety|Gym|Visitor Parking|Club House|Lift|CCTV,14,11146946,6.9,3.5,7.9,7.2,6.38,2.29,7.14,4.71,0
1174,Kolkata,New Town,Plot,0,4839,2,0,11,Club House|Swimming Pool|Power Backup|CCTV|Security|Parking|Jogging Track|Gym,8,28908045,0.3,0.2,2.6,1.0,1.02,4.05,13.43,8.74,0
1175,Bangalore,Koramangala,Commercial,0,681,2,19,19,Power Backup|Jogging Track|Gym|Club House|Parking|Play Area|CCTV|Visitor Parking|Intercom|Fire Safety|Swimming Pool|Garden|Security|Lift,14,9255668,3.0,1.0,3.9,5.5,3.35,4.95,1.76,3.35,0
1176,Mumbai,Juhu,Apartment,3,1640,3,19,15,Swimming Pool|Gym|Security,3,44088045,2.9,0.8,8.4,3.1,3.8,4.38,7.85,6.12,0
1177,Chennai,Anna Nagar,Commercial,0,1887,1,11,28,Garden|Parking|Power Backup|Gym|Lift|Jogging Track,6,13119072,2.3,2.7,0.6,7.5,3.27,6.0,2.2,4.1,0
1178,Pune,Hadapsar,Plot,0,2663,3,0,1,Club House|Intercom|Fire Safety|Visitor Parking|Power Backup|Security|CCTV|Parking|Gym|Play Area|Garden|Jogging Track|Lift,13,24941367,7.6,1.7,9.8,9.7,7.2,6.85,2.77,4.81,0
1179,Kolkata,Salt Lake,Plot,0,2454,3,0,4,CCTV|Lift|Garden|Swimming Pool|Play Area|Club House|Intercom|Visitor Parking|Parking|Jogging Track|Security|Gym|Fire Safety,13,17197855,1.5,5.7,5.8,9.6,5.65,2.6,2.48,2.54,0
1180,Delhi,Vasant Kunj,Commercial,0,1708,2,8,12,Power Backup|CCTV|Visitor Parking|Fire Safety|Gym|Parking|Lift|Security|Swimming Pool|Play Area,10,36236412,6.9,0.4,8.9,3.3,4.88,3.43,11.44,7.43,0
1181,Chennai,Velachery,Apartment,3,1310,3,9,8,Power Backup|Jogging Track|Play Area|Swimming Pool|Security|Parking|Lift|Garden|CCTV|Intercom|Fire Safety|Club House|Visitor Parking,13,11011327,0.9,4.4,9.1,4.1,4.62,4.91,8.23,6.57,0
1182,Pune,Hinjewadi,Commercial,0,951,1,9,22,Club House|Parking|Intercom|CCTV|Gym|Visitor Parking|Security|Fire Safety,8,7275326,0.6,0.3,0.5,3.6,1.25,3.19,6.16,4.67,0
1183,Ahmedabad,Thaltej,Plot,0,1814,3,0,0,Garden|Power Backup|CCTV,3,9395924,9.6,4.7,5.5,3.4,5.8,7.03,4.62,5.83,0
1184,Delhi,Vasant Kunj,Apartment,4,1250,4,5,27,Visitor Parking|Security|Fire Safety|Play Area|Jogging Track|CCTV|Lift|Garden|Intercom,9,18594275,8.6,9.7,6.8,4.7,7.45,2.79,3.42,3.1,0
1185,Mumbai,Andheri,Independent House,3,1281,3,13,28,Fire Safety|Garden|Power Backup|Lift|Security|Jogging Track,6,19011594,5.2,6.2,5.8,0.1,4.33,8.0,14.53,11.27,0
1186,Pune,Hadapsar,Commercial,0,2794,2,9,21,Power Backup,1,17675040,9.9,6.4,8.6,2.6,6.88,6.27,13.49,9.88,0
1187,Chennai,T Nagar,Villa,5,3768,5,0,28,,0,27593565,8.0,6.0,6.6,6.8,6.85,6.33,10.18,8.25,0
1188,Chennai,Velachery,Plot,0,4114,2,0,23,,0,24249791,9.9,8.2,3.4,7.1,7.15,6.12,9.94,8.03,0
1189,Ahmedabad,Prahlad Nagar,Commercial,0,1529,1,26,21,Intercom|Parking|Lift|Swimming Pool|Power Backup|Visitor Parking|Jogging Track|Garden|CCTV|Play Area|Fire Safety|Security|Gym|Club House,14,8986133,7.4,3.1,7.9,3.3,5.42,3.56,5.12,4.34,0
1190,Delhi,Saket,Apartment,1,841,1,28,6,Swimming Pool|Play Area|Club House|Intercom|Lift|Jogging Track|Gym|Visitor Parking,8,12605293,1.4,2.0,4.1,5.7,3.3,7.44,7.41,7.43,0
1191,Pune,Kharadi,Apartment,4,1540,4,20,5,Play Area|Gym|Visitor Parking|Power Backup|Lift,5,14442449,7.7,5.8,1.6,7.9,5.75,6.68,2.81,4.75,0
1192,Kolkata,Ballygunge,Plot,0,4314,2,0,12,,0,31234379,2.0,3.7,0.1,3.2,2.25,7.0,3.67,5.33,0
1193,Mumbai,Thane,Villa,3,4620,3,0,9,Swimming Pool|Club House,2,70660050,3.1,0.7,0.5,9.5,3.45,4.74,8.28,6.51,0
1194,Jaipur,C-Scheme,Plot,0,1896,2,0,28,Garden|Visitor Parking|Security|Parking|Club House|Gym|Jogging Track,7,8285182,9.8,2.1,0.2,5.0,4.28,2.74,10.96,6.85,0
1195,Mumbai,Juhu,Independent House,1,904,1,1,21,Play Area,1,21061291,0.5,1.2,4.4,1.2,1.83,3.52,10.83,7.17,0
1196,Hyderabad,Banjara Hills,Independent House,4,1877,4,3,21,Lift|CCTV|Visitor Parking|Parking|Club House|Swimming Pool|Intercom|Play Area,8,21047979,1.1,2.0,2.0,2.6,1.92,5.14,3.82,4.48,0
1197,Kolkata,Park Street,Villa,3,5866,3,0,29,Jogging Track|Power Backup|Garden,3,28503329,0.1,0.9,1.1,5.7,1.95,4.96,14.29,9.62,0
1198,Jaipur,Vaishali Nagar,Apartment,3,1236,3,14,9,Power Backup|Gym|Swimming Pool|Parking,4,6394334,8.5,3.6,6.8,4.3,5.8,2.7,12.92,7.81,0
1199,Mumbai,Bandra,Villa,5,3196,5,0,10,Power Backup|CCTV|Lift|Swimming Pool|Garden,5,98310809,1.8,4.0,9.6,2.7,4.52,4.31,12.91,8.61,0
1200,Kolkata,New Town,Apartment,2,1156,2,23,1,Parking|Swimming Pool|Club House|CCTV|Power Backup|Play Area|Fire Safety|Lift|Security|Intercom|Gym|Jogging Track|Garden,13,7108559,4.9,8.9,4.4,0.6,4.7,5.93,1.17,3.55,0
1201,Jaipur,Ajmer Road,Commercial,0,1217,3,27,10,Intercom|Jogging Track|Visitor Parking|CCTV|Swimming Pool|Club House|Security|Power Backup,8,5475522,6.8,3.8,8.4,5.6,6.15,7.93,1.76,4.84,0
1202,Bangalore,Hebbal,Plot,0,4861,1,0,2,Power Backup|Garden|Security|Visitor Parking|Lift|Gym|Jogging Track|CCTV|Play Area|Fire Safety|Club House|Intercom,12,50173162,4.4,5.7,0.9,5.0,4.0,3.9,14.73,9.31,0
1203,Mumbai,Bandra,Plot,0,4177,1,0,17,Gym|Swimming Pool|CCTV|Jogging Track|Lift|Intercom|Security|Garden,8,131825266,9.5,3.6,0.5,2.2,3.95,4.73,8.84,6.79,0
1204,Surat,Althan,Plot,0,3776,3,0,14,Swimming Pool,1,16430277,2.2,3.4,8.3,9.6,5.88,3.75,8.31,6.03,0
1205,Delhi,Dwarka,Villa,4,2950,4,0,26,Jogging Track|Fire Safety|Club House|Swimming Pool|Lift|Security|Intercom|Gym|Power Backup|Play Area|Garden,11,25872818,1.9,3.4,7.6,0.5,3.35,5.8,10.41,8.11,0
1206,Delhi,Saket,Plot,0,4930,1,0,30,Gym|Intercom|Jogging Track|Fire Safety|Visitor Parking|Club House|Power Backup,7,57380924,7.8,9.1,6.9,1.7,6.37,6.89,2.45,4.67,0
1207,Surat,Althan,Independent House,4,1628,4,19,29,Visitor Parking|Security|Lift|Club House|Garden|Jogging Track|Power Backup|Play Area|Swimming Pool|CCTV|Fire Safety,11,6171816,8.9,5.1,8.4,5.5,6.97,3.88,11.32,7.6,0
1208,Jaipur,Malviya Nagar,Villa,3,4180,3,0,21,Play Area|Parking|Jogging Track|Fire Safety|Visitor Parking,5,21117483,6.9,3.2,1.2,3.5,3.7,4.88,8.99,6.94,0
1209,Kolkata,Alipore,Independent House,4,1213,4,16,3,,0,10106998,0.5,0.6,2.7,7.9,2.93,7.9,10.57,9.23,0
1210,Bangalore,Koramangala,Independent House,2,1185,2,17,1,Fire Safety|Power Backup|Swimming Pool|CCTV|Intercom,5,23205216,7.4,5.6,2.4,7.8,5.8,6.79,5.03,5.91,0
1211,Mumbai,Juhu,Plot,0,4212,3,0,10,Gym|Fire Safety|Jogging Track|Lift|Security|Power Backup|CCTV|Garden,8,123294095,6.5,7.6,5.5,6.0,6.4,6.66,14.5,10.58,0
1212,Chennai,Porur,Villa,5,2410,5,0,5,Jogging Track|Intercom,2,17832080,0.4,2.8,2.6,1.6,1.85,7.08,1.08,4.08,0
1213,Ahmedabad,Satellite,Apartment,2,1275,2,10,19,,0,7225202,6.3,8.4,3.0,7.9,6.4,5.3,2.02,3.66,0
1214,Pune,Hadapsar,Villa,3,2358,3,0,25,Parking|Club House|Intercom|Jogging Track|Visitor Parking|Swimming Pool|Garden|Play Area,8,15071336,6.6,3.3,2.9,9.5,5.57,5.71,7.65,6.68,0
1215,Jaipur,Vaishali Nagar,Apartment,3,1456,3,7,28,CCTV|Fire Safety|Security|Gym|Garden|Club House|Swimming Pool|Jogging Track|Parking|Lift,10,6069964,0.2,5.2,7.7,5.1,4.55,5.05,7.82,6.44,0
1216,Chennai,T Nagar,Independent House,1,649,1,5,30,Intercom|Fire Safety|Gym|Play Area|Swimming Pool|Security|Visitor Parking|Club House|Garden|Power Backup|Jogging Track|Lift,12,5289157,7.0,9.8,7.8,6.5,7.78,7.64,11.46,9.55,0
1217,Bangalore,Koramangala,Plot,0,3517,1,0,2,Gym,1,47028994,2.5,0.7,8.2,9.1,5.12,4.45,7.32,5.88,0
1218,Kolkata,Ballygunge,Independent House,1,799,1,21,3,Gym|Play Area|Jogging Track|CCTV|Swimming Pool|Fire Safety|Visitor Parking|Parking,8,6323042,1.1,7.9,3.0,0.9,3.23,6.59,7.13,6.86,0
1219,Kolkata,Salt Lake,Plot,0,2080,3,0,7,Jogging Track|Club House,2,12516732,8.5,2.9,6.3,3.0,5.17,7.32,14.52,10.92,0
1220,Pune,Hinjewadi,Commercial,0,2573,1,3,1,,0,24998555,3.9,5.5,0.9,2.1,3.1,6.45,11.16,8.8,0
1221,Hyderabad,Kondapur,Commercial,0,883,1,5,7,Fire Safety|Lift|Security|Swimming Pool|Parking|Gym|Power Backup|Garden|Visitor Parking,9,8751968,6.7,2.5,2.0,5.8,4.25,7.71,6.0,6.86,0
1222,Hyderabad,Banjara Hills,Independent House,1,699,1,10,15,Garden|CCTV|Play Area|Lift|Visitor Parking|Parking|Fire Safety,7,6894853,9.6,1.7,3.1,7.9,5.57,6.27,9.97,8.12,0
1223,Chennai,Velachery,Villa,5,4516,5,0,28,Power Backup|Fire Safety|Garden|Lift|Visitor Parking|Intercom|Swimming Pool,7,28260025,6.1,8.4,8.6,1.4,6.12,5.23,4.69,4.96,0
1224,Delhi,Dwarka,Apartment,1,897,1,18,12,CCTV|Security|Gym|Intercom|Lift|Play Area|Power Backup|Garden|Swimming Pool|Parking|Visitor Parking|Jogging Track,12,9240254,5.9,8.6,1.3,5.0,5.2,2.54,6.09,4.31,0
1225,Mumbai,Thane,Villa,5,3158,5,0,24,Parking|Power Backup|Fire Safety|Jogging Track|CCTV|Play Area|Visitor Parking|Intercom,8,40406417,7.6,2.3,2.6,2.3,3.7,6.01,8.25,7.13,0
1226,Pune,Wakad,Plot,0,4524,1,0,1,Garden|Swimming Pool|Jogging Track|Intercom|Lift|CCTV|Parking|Security|Fire Safety|Club House,10,44185556,6.5,8.4,5.2,3.8,5.98,7.44,8.23,7.84,0
1227,Pune,Baner,Plot,0,4749,3,0,0,Parking|Power Backup|Fire Safety|Security|Swimming Pool|Intercom|Lift|CCTV,8,54130597,1.6,6.0,8.2,6.6,5.6,4.49,5.62,5.05,0
1228,Delhi,Saket,Plot,0,4724,1,0,18,Play Area|Club House,2,60656177,0.4,5.7,1.6,6.3,3.5,2.24,9.01,5.62,0
1229,Mumbai,Andheri,Independent House,2,1064,2,30,12,CCTV|Play Area|Gym|Visitor Parking|Lift|Swimming Pool|Security|Power Backup|Fire Safety,9,19051288,8.7,1.7,8.3,6.0,6.17,6.77,12.49,9.63,0
1230,Bangalore,Hebbal,Commercial,0,1383,1,23,21,Power Backup|CCTV|Visitor Parking|Swimming Pool|Security,5,10886122,1.3,0.2,5.2,9.1,3.95,6.11,12.57,9.34,0
1231,Surat,Adajan,Villa,4,2119,4,0,28,Intercom|Fire Safety|Swimming Pool|Jogging Track|Power Backup|Parking|Gym|Club House|Garden|Security|Lift|Play Area,12,8108955,7.0,4.3,9.4,4.8,6.38,6.61,5.91,6.26,0
1232,Surat,Adajan,Plot,0,1896,2,0,15,Security|Swimming Pool|Lift|CCTV|Intercom|Club House|Jogging Track|Visitor Parking|Gym|Garden|Power Backup|Parking,12,2776407,6.5,6.9,3.2,3.6,5.05,2.93,10.12,6.52,1
1233,Chennai,Velachery,Commercial,0,2034,3,11,19,Play Area|Club House|Security|Visitor Parking,4,13241600,5.6,1.8,5.6,4.8,4.45,7.93,9.09,8.51,0
1234,Kolkata,New Town,Apartment,2,1028,2,25,22,Swimming Pool|Security,2,4690216,7.9,8.0,6.1,6.8,7.2,2.31,6.45,4.38,0
1235,Mumbai,Bandra,Villa,4,5366,4,0,2,Lift,1,201600301,0.8,0.4,3.8,9.8,3.7,5.68,8.29,6.98,0
1236,Surat,Adajan,Villa,5,5849,5,0,14,,0,26637589,6.6,8.0,2.9,0.3,4.45,5.6,8.22,6.91,0
1237,Hyderabad,Jubilee Hills,Villa,5,2095,5,0,11,Play Area|Gym|Parking,3,19312149,2.8,4.0,6.7,4.1,4.4,3.2,1.22,2.21,0
1238,Delhi,Dwarka,Commercial,0,1465,3,26,17,CCTV|Garden|Visitor Parking|Lift|Security|Fire Safety|Power Backup|Intercom|Play Area|Gym|Parking|Jogging Track|Swimming Pool|Club House,14,16882317,5.0,3.4,1.2,5.1,3.67,3.55,8.53,6.04,0
1239,Surat,Katargam,Plot,0,3889,3,0,15,Security|Visitor Parking|Garden|Power Backup|Play Area|Gym|CCTV|Intercom|Parking|Club House|Fire Safety|Jogging Track,12,13253873,2.2,7.0,8.0,4.1,5.32,4.12,8.5,6.31,0
1240,Chennai,T Nagar,Independent House,1,804,1,21,23,Garden|Swimming Pool|Intercom|Parking|Power Backup|Fire Safety|Jogging Track|Visitor Parking|Lift|Play Area|Club House|CCTV|Gym,13,7323212,2.0,7.4,8.7,2.1,5.05,3.22,4.5,3.86,0
1241,Surat,Katargam,Villa,3,2782,3,0,29,Play Area,1,7062882,4.9,0.1,8.6,9.6,5.8,7.09,6.2,6.64,0
1242,Pune,Wakad,Commercial,0,1425,2,5,24,Intercom|Lift|Club House|Security|CCTV|Parking|Gym|Visitor Parking|Play Area|Garden|Power Backup|Fire Safety|Swimming Pool|Jogging Track,14,10092122,7.8,4.6,1.2,5.2,4.7,3.89,1.12,2.5,0
1243,Hyderabad,Kondapur,Commercial,0,712,2,11,19,Lift|Parking|Intercom|Fire Safety|Security|Play Area|Power Backup|Jogging Track|Visitor Parking|Garden|Swimming Pool|CCTV|Club House,13,5593675,7.0,3.7,8.5,2.8,5.5,3.08,2.84,2.96,0
1244,Surat,Vesu,Apartment,3,1241,3,17,13,Club House|Security|Parking|Jogging Track|Power Backup|Gym|Play Area|Visitor Parking|Fire Safety|Swimming Pool|CCTV|Lift|Garden,13,7122714,8.6,0.5,1.0,1.6,2.92,3.29,4.56,3.92,0
1245,Delhi,Saket,Independent House,3,1369,3,11,17,Visitor Parking|Lift|Garden|Gym|Club House|Swimming Pool|Jogging Track|CCTV,8,18636810,6.1,5.8,6.5,5.4,5.95,7.88,4.98,6.43,0
1246,Pune,Hadapsar,Plot,0,4461,1,0,12,Lift|Power Backup|Play Area|Parking|Jogging Track|Garden|Club House|Intercom|Fire Safety,9,31233637,8.5,0.7,1.6,2.3,3.27,3.9,5.08,4.49,0
1247,Chennai,Adyar,Plot,0,3022,2,0,24,Garden|Jogging Track|CCTV|Intercom|Power Backup|Club House|Parking|Swimming Pool|Gym|Play Area|Lift|Visitor Parking|Security,13,26215179,7.0,0.8,1.7,1.0,2.62,2.38,13.3,7.84,0
1248,Jaipur,Vaishali Nagar,Apartment,4,1736,4,24,2,Lift,1,8793813,0.8,9.3,3.9,2.3,4.08,6.43,7.2,6.81,0
1249,Bangalore,Whitefield,Commercial,0,998,1,1,21,Fire Safety|Garden|Power Backup|Jogging Track|Intercom,5,10203431,5.5,1.4,9.5,5.4,5.45,5.54,7.39,6.46,0
1250,Surat,Piplod,Commercial,0,2920,3,17,9,Garden|Power Backup|Intercom|Security|Swimming Pool|Visitor Parking|Lift|Parking|Play Area|Club House|CCTV|Fire Safety|Gym|Jogging Track,14,15761843,7.6,1.4,2.9,5.4,4.33,6.13,7.89,7.01,0
1251,Ahmedabad,Prahlad Nagar,Apartment,4,1499,4,19,7,Gym|Intercom|Garden|Security|Club House|Visitor Parking|CCTV|Play Area|Swimming Pool|Jogging Track|Power Backup|Lift,12,9827040,0.8,6.3,5.2,8.0,5.08,5.68,10.71,8.2,0
1252,Chennai,Velachery,Commercial,0,1401,2,6,27,Parking,1,8537808,1.1,4.6,4.5,7.0,4.3,4.95,5.49,5.22,0
1253,Bangalore,Koramangala,Commercial,0,390,1,3,9,Parking|Jogging Track|Power Backup|Gym,4,6217319,1.5,4.9,3.4,3.1,3.23,6.8,14.97,10.88,0
1254,Ahmedabad,Bodakdev,Independent House,1,674,1,1,8,Club House|Swimming Pool|Intercom|Power Backup|Parking|Security|Lift|Fire Safety|Jogging Track|Gym|Play Area|CCTV,12,4511114,7.7,4.4,7.4,0.3,4.95,4.77,11.79,8.28,0
1255,Jaipur,Malviya Nagar,Plot,0,3987,3,0,30,Garden|Parking|Play Area|Gym,4,14915942,5.5,1.2,4.8,3.0,3.62,4.16,1.73,2.95,0
1256,Hyderabad,Banjara Hills,Villa,5,5356,5,0,10,,0,59079214,2.8,1.2,7.9,0.1,3.0,2.25,11.97,7.11,0
1257,Ahmedabad,Thaltej,Villa,4,2533,4,0,7,Power Backup|Swimming Pool,2,14554841,3.4,9.7,7.6,0.6,5.33,4.13,3.15,3.64,0
1258,Jaipur,Vaishali Nagar,Villa,4,3706,4,0,10,Visitor Parking|Play Area|Garden|Power Backup|Security|Gym|Club House|Parking,8,18350802,2.5,0.4,7.1,5.6,3.9,5.26,7.86,6.56,0
1259,Surat,Vesu,Commercial,0,1724,2,23,14,Fire Safety|CCTV|Intercom|Parking,4,8717944,1.6,3.0,2.6,3.7,2.72,2.0,9.93,5.96,0
1260,Kolkata,New Town,Apartment,3,1635,3,7,10,Swimming Pool|Play Area|Intercom|Club House|Security|Jogging Track|Power Backup|Visitor Parking|Lift|Fire Safety|Parking,11,10494243,6.4,1.1,5.2,0.7,3.35,7.01,2.82,4.92,0
1261,Mumbai,Andheri,Apartment,4,1396,4,3,1,Play Area|Club House|Fire Safety|Power Backup|Intercom|Lift|Gym|Parking|Swimming Pool,9,27615368,0.7,9.3,2.1,4.9,4.25,7.34,2.12,4.73,0
1262,Mumbai,Powai,Commercial,0,2003,2,25,22,,0,36384662,2.7,0.4,0.7,3.0,1.7,7.67,14.45,11.06,0
1263,Delhi,Dwarka,Villa,5,4956,5,0,6,Intercom|Play Area|Security,3,42650011,9.5,5.6,5.6,7.5,7.05,6.6,9.07,7.83,0
1264,Ahmedabad,Navrangpura,Apartment,2,1205,2,5,17,Intercom|Garden|Play Area|Parking|Fire Safety|Power Backup,6,5839667,9.0,5.5,10.0,8.4,8.22,4.47,9.87,7.17,0
1265,Pune,Hadapsar,Villa,5,3552,5,0,12,Intercom|Jogging Track|Lift|Garden|Power Backup|CCTV|Club House|Gym|Play Area|Fire Safety|Parking|Security,12,7717758,1.4,8.9,0.1,9.8,5.05,3.29,5.41,4.35,1
1266,Chennai,Adyar,Commercial,0,2578,3,29,18,Swimming Pool|Gym,2,20380475,1.6,2.6,8.9,2.5,3.9,3.54,5.2,4.37,0
1267,Surat,Piplod,Commercial,0,1190,3,2,23,Visitor Parking|Power Backup|Parking|Fire Safety|CCTV,5,5482311,1.0,6.4,0.4,8.1,3.98,4.29,11.92,8.11,0
1268,Pune,Baner,Plot,0,4212,1,0,27,Security|Jogging Track|Play Area|CCTV|Gym|Club House|Visitor Parking|Parking|Lift|Power Backup|Intercom|Fire Safety,12,32022158,3.3,7.0,1.5,6.7,4.62,7.98,14.59,11.29,0
1269,Surat,Althan,Commercial,0,668,1,13,9,Club House|Parking|Visitor Parking|Garden|Swimming Pool|Power Backup|Gym|Lift|Security|Jogging Track|Intercom|CCTV,12,3034684,7.7,1.3,1.3,5.6,3.98,4.93,10.13,7.53,0
1270,Hyderabad,Jubilee Hills,Commercial,0,2447,1,7,2,Visitor Parking|Club House|Garden|Play Area,4,30240810,0.9,6.7,4.2,3.5,3.83,3.92,9.31,6.62,0
1271,Mumbai,Powai,Villa,4,5422,4,0,19,Power Backup|Gym,2,116910356,2.3,6.9,1.6,7.3,4.52,2.51,11.35,6.93,0
1272,Hyderabad,Jubilee Hills,Villa,4,1912,4,0,10,Visitor Parking|Swimming Pool|Lift|Power Backup|Play Area|Gym|Garden|Fire Safety|CCTV|Jogging Track|Club House,11,20288137,5.2,2.6,4.8,7.3,4.98,2.85,10.78,6.81,0
1273,Mumbai,Juhu,Commercial,0,2457,1,8,5,,0,73478876,7.9,6.2,0.5,6.5,5.28,2.05,6.44,4.25,0
1274,Chennai,Velachery,Apartment,1,749,1,27,28,Club House|Security|Fire Safety|Intercom|Swimming Pool|Garden|Power Backup|Jogging Track|Lift|Play Area,10,4571440,2.0,9.7,5.6,7.1,6.1,2.24,13.91,8.07,0
1275,Chennai,Velachery,Plot,0,4022,3,0,5,,0,27110778,3.5,6.3,2.4,9.8,5.5,5.01,12.37,8.69,0
1276,Chennai,Porur,Apartment,3,1230,3,4,10,Club House|Play Area|Parking|Swimming Pool|Fire Safety|Intercom|Security|Power Backup|Visitor Parking|Lift|Garden|CCTV|Jogging Track|Gym,14,9160432,1.3,6.5,5.8,6.8,5.1,3.21,2.93,3.07,0
1277,Jaipur,Malviya Nagar,Plot,0,1989,3,0,29,Parking|Garden|Swimming Pool|Intercom|Play Area|Jogging Track|Fire Safety|Power Backup|CCTV,9,9148228,7.7,8.8,4.1,4.1,6.18,4.66,14.07,9.37,0
1278,Chennai,T Nagar,Villa,3,2877,3,0,5,,0,25498731,6.1,2.7,5.7,2.3,4.2,3.39,10.62,7.0,0
1279,Pune,Hinjewadi,Plot,0,1898,3,0,27,Power Backup|Jogging Track|Play Area|Garden|Parking|Club House|Fire Safety|Security|Swimming Pool,9,14807051,2.3,4.1,9.7,9.3,6.35,7.7,4.12,5.91,0
1280,Hyderabad,Gachibowli,Apartment,2,1274,2,30,14,CCTV|Power Backup|Jogging Track|Garden|Visitor Parking|Security|Club House|Intercom|Gym|Lift|Fire Safety|Parking|Swimming Pool,13,10799184,9.4,5.7,5.4,6.4,6.72,6.22,1.54,3.88,0
1281,Delhi,Saket,Plot,0,1147,1,0,16,Club House|Jogging Track|Gym|Intercom|Fire Safety|Play Area|Visitor Parking|Swimming Pool,8,17640136,4.0,3.0,8.3,4.6,4.97,4.53,9.58,7.05,0
1282,Mumbai,Thane,Commercial,0,882,2,26,20,Swimming Pool|Jogging Track|Intercom|Fire Safety|Parking|Visitor Parking|CCTV,7,12878744,3.2,0.2,4.5,9.0,4.22,7.37,13.36,10.37,0
1283,Delhi,Vasant Kunj,Independent House,2,1167,2,23,3,Swimming Pool,1,23190742,6.3,0.9,7.1,7.3,5.4,7.85,9.57,8.71,0
1284,Bangalore,Indiranagar,Commercial,0,1858,1,24,5,Garden|CCTV|Play Area|Parking|Jogging Track|Visitor Parking|Intercom|Club House|Fire Safety|Gym|Security|Swimming Pool|Power Backup|Lift,14,24474879,1.8,9.0,9.6,0.0,5.1,6.59,1.17,3.88,0
1285,Ahmedabad,Navrangpura,Commercial,0,323,3,28,15,Security|CCTV|Play Area,3,1986251,4.1,0.8,6.0,2.4,3.32,5.28,9.68,7.48,0
1286,Jaipur,Malviya Nagar,Apartment,2,875,2,1,20,Gym|Parking|Fire Safety|Play Area|CCTV,5,3628270,3.0,9.2,0.5,4.2,4.22,3.07,10.41,6.74,0
1287,Surat,Althan,Commercial,0,2602,1,30,14,CCTV|Garden|Gym|Swimming Pool|Lift|Visitor Parking|Intercom|Security|Jogging Track|Club House|Power Backup,11,11336130,1.3,6.9,2.7,5.3,4.05,5.15,10.74,7.95,0
1288,Surat,Adajan,Apartment,1,847,1,23,22,Visitor Parking|Jogging Track|Lift|Club House|CCTV|Garden|Fire Safety|Power Backup|Play Area,9,3800220,3.5,1.3,5.6,5.2,3.9,5.79,7.9,6.85,0
1289,Bangalore,Hebbal,Villa,5,4179,5,0,6,,0,36149082,4.6,8.0,7.4,2.1,5.53,5.69,6.8,6.25,0
1290,Mumbai,Powai,Independent House,2,805,2,20,6,Lift|Fire Safety|Swimming Pool|Visitor Parking|Play Area|Intercom|Garden|Club House|Gym|Power Backup|Parking,11,18675415,7.2,6.2,0.3,1.8,3.88,3.98,5.73,4.86,0
1291,Ahmedabad,Navrangpura,Apartment,2,1046,2,4,20,Fire Safety|Intercom|Garden|Power Backup|Club House|Gym|Lift,7,5282809,6.8,5.6,0.2,5.8,4.6,3.99,13.83,8.91,0
1292,Pune,Hinjewadi,Villa,4,2055,4,0,10,Play Area|Intercom|Parking|CCTV|Fire Safety|Club House,6,18360701,1.2,7.8,3.1,8.6,5.17,6.26,4.8,5.53,0
1293,Delhi,Saket,Villa,4,5502,4,0,26,Security|Intercom|Lift|Parking,4,67782851,7.8,7.8,9.1,4.4,7.28,2.15,7.76,4.96,0
1294,Jaipur,Malviya Nagar,Villa,4,5760,4,0,23,Intercom|Lift|Garden|Parking|Swimming Pool|Fire Safety|Play Area|CCTV|Jogging Track|Gym|Security|Club House|Visitor Parking,13,9393492,9.3,6.9,5.9,0.9,5.75,4.8,1.65,3.22,1
1295,Jaipur,C-Scheme,Apartment,3,1214,3,10,6,Lift|Fire Safety|Intercom,3,7616482,4.4,1.2,1.5,2.7,2.45,2.09,9.72,5.91,0
1296,Jaipur,Vaishali Nagar,Villa,5,4669,5,0,17,Lift|Parking|Jogging Track|Fire Safety|CCTV,5,20754767,0.7,6.1,3.4,4.4,3.65,2.78,7.59,5.18,0
1297,Mumbai,Bandra,Plot,0,1240,1,0,13,Parking|Jogging Track|CCTV|Visitor Parking|Power Backup|Garden,6,39716743,8.2,7.1,6.7,5.3,6.83,7.84,11.58,9.71,0
1298,Ahmedabad,Thaltej,Villa,3,5636,3,0,3,Lift|Play Area|Visitor Parking|Power Backup|Jogging Track|Security|Intercom,7,32963759,9.0,2.6,3.6,1.8,4.25,7.5,5.62,6.56,0
1299,Pune,Wakad,Plot,0,1047,1,0,15,Garden,1,7897730,8.5,2.8,3.5,5.7,5.12,5.05,6.68,5.87,0
1300,Delhi,Vasant Kunj,Commercial,0,2960,1,25,9,Power Backup|Club House|CCTV|Visitor Parking|Security|Jogging Track|Parking|Intercom,8,55001153,3.4,8.1,5.9,7.8,6.3,4.61,12.02,8.31,0
1301,Jaipur,Malviya Nagar,Villa,5,2438,5,0,23,Jogging Track|CCTV|Power Backup|Swimming Pool|Visitor Parking|Fire Safety|Garden|Lift|Gym|Security|Play Area|Club House|Parking|Intercom,14,11689161,6.9,6.0,8.2,3.3,6.1,5.87,1.86,3.87,0
1302,Hyderabad,Gachibowli,Commercial,0,2905,1,24,4,Parking|Power Backup|Intercom|Lift|Club House|Visitor Parking|Security|Swimming Pool|Garden|Fire Safety,10,26371831,7.9,6.8,9.2,9.4,8.32,6.31,13.81,10.06,0
1303,Delhi,Lajpat Nagar,Apartment,4,1330,4,27,9,,0,20009432,5.5,0.5,7.0,8.2,5.3,4.16,13.06,8.61,0
1304,Mumbai,Andheri,Plot,0,4029,3,0,10,Club House|Fire Safety|Visitor Parking|Jogging Track|Intercom|Security|Parking|CCTV|Swimming Pool|Garden|Play Area,11,83585873,3.6,4.2,2.9,8.7,4.85,2.75,1.16,1.96,0
1305,Mumbai,Andheri,Plot,0,4377,1,0,2,Play Area|Visitor Parking,2,86485077,4.6,7.9,6.0,4.3,5.7,3.08,8.13,5.61,0
1306,Jaipur,Mansarovar,Plot,0,3710,1,0,5,CCTV|Gym|Fire Safety|Power Backup|Security|Intercom,6,18666630,9.3,5.8,0.3,0.4,3.95,4.9,6.16,5.53,0
1307,Surat,Piplod,Apartment,2,1173,2,23,16,Visitor Parking|Fire Safety|Lift|Power Backup|Intercom|Swimming Pool|CCTV|Play Area|Security|Gym|Parking|Garden|Jogging Track,13,6185172,5.4,0.1,4.5,9.1,4.78,5.44,5.64,5.54,0
1308,Pune,Baner,Independent House,2,818,2,22,29,Jogging Track|Lift|Fire Safety|CCTV|Visitor Parking|Gym|Power Backup|Play Area|Swimming Pool,9,6332451,6.6,2.9,7.4,0.3,4.3,4.91,2.78,3.84,0
1309,Delhi,Vasant Kunj,Independent House,2,1115,2,8,8,Lift|Gym|Jogging Track|Swimming Pool|CCTV|Parking|Intercom|Garden|Security|Power Backup|Play Area|Club House|Visitor Parking,13,21777976,8.0,8.6,3.4,0.8,5.2,2.87,14.08,8.47,0
1310,Bangalore,Indiranagar,Plot,0,3938,1,0,21,Jogging Track|Play Area|Parking|Security|CCTV|Garden|Gym,7,44211781,7.6,1.2,1.7,4.0,3.62,3.81,11.45,7.63,0
1311,Jaipur,Malviya Nagar,Plot,0,3995,2,0,8,Intercom|Club House,2,6464757,9.3,4.5,6.8,9.6,7.55,6.1,1.57,3.83,1
1312,Jaipur,C-Scheme,Plot,0,3033,2,0,8,Visitor Parking|Swimming Pool|Lift|Play Area,4,19889503,4.6,6.8,2.4,6.7,5.12,6.62,8.28,7.45,0
1313,Bangalore,HSR Layout,Commercial,0,343,3,0,26,Gym,1,3197449,5.3,6.9,3.5,7.3,5.75,3.51,1.48,2.5,0
1314,Surat,Adajan,Apartment,2,1286,2,19,20,Jogging Track,1,5577831,0.9,6.0,3.8,7.6,4.57,5.89,12.24,9.06,0
1315,Bangalore,Koramangala,Villa,4,4213,4,0,14,Swimming Pool|Play Area|Power Backup|Lift|Club House|Garden|Visitor Parking|Fire Safety|Gym|Parking,10,63385007,3.8,3.3,0.6,9.6,4.32,3.59,7.17,5.38,0
1316,Ahmedabad,Satellite,Commercial,0,1908,1,20,15,Parking,1,10665007,4.3,6.1,1.1,4.4,3.97,3.55,1.49,2.52,0
1317,Delhi,Lajpat Nagar,Independent House,4,1219,4,28,15,Play Area|Fire Safety,2,5216009,0.4,3.9,1.5,3.3,2.27,4.35,1.05,2.7,1
1318,Ahmedabad,Navrangpura,Plot,0,4108,3,0,24,Visitor Parking|Swimming Pool|Intercom|Security|Gym|Club House|Power Backup|CCTV|Lift|Garden|Parking|Fire Safety,12,20459615,4.0,6.3,9.6,0.9,5.2,5.21,14.45,9.83,0
1319,Delhi,Saket,Independent House,2,890,2,17,1,Play Area|Security|Lift|Club House|Swimming Pool|Garden,6,16097537,8.9,4.4,1.9,0.4,3.9,2.15,14.95,8.55,0
1320,Hyderabad,Kondapur,Plot,0,1316,3,0,20,Power Backup|Intercom|Fire Safety|Gym,4,8938977,0.6,7.9,0.4,1.2,2.52,6.84,10.34,8.59,0
1321,Ahmedabad,Thaltej,Villa,5,3708,5,0,29,Gym,1,14738018,4.9,0.2,9.1,6.2,5.1,3.46,10.08,6.77,0
1322,Mumbai,Andheri,Apartment,3,1099,3,14,19,Fire Safety|CCTV,2,18834268,8.2,1.1,5.9,6.2,5.35,2.38,3.84,3.11,0
1323,Pune,Wakad,Independent House,1,950,1,18,17,Garden|Visitor Parking,2,6200900,0.5,1.7,0.6,2.7,1.38,6.55,3.35,4.95,0
1324,Pune,Hadapsar,Villa,4,3795,4,0,29,Gym|Parking|Swimming Pool|Play Area|CCTV|Club House|Visitor Parking|Fire Safety|Security,9,25714270,0.1,9.3,7.1,5.9,5.6,3.7,10.71,7.21,0
1325,Ahmedabad,Satellite,Villa,3,4019,3,0,16,Club House|Security|Parking|CCTV|Gym|Jogging Track|Power Backup,7,21590113,0.9,8.3,3.0,4.2,4.1,5.35,3.69,4.52,0
1326,Jaipur,Vaishali Nagar,Commercial,0,1782,3,16,7,Visitor Parking|Play Area|Fire Safety|Security|Lift|Gym|Jogging Track,7,8645516,1.5,8.4,9.1,5.0,6.0,2.96,13.92,8.44,0
1327,Mumbai,Thane,Independent House,3,1214,3,13,8,CCTV|Visitor Parking|Power Backup|Gym|Swimming Pool,5,20758283,9.2,1.8,7.9,4.9,5.95,2.7,13.53,8.12,0
1328,Ahmedabad,Thaltej,Commercial,0,1635,2,6,23,Garden|Security|Swimming Pool|Fire Safety|Visitor Parking|Jogging Track|CCTV|Play Area|Power Backup|Intercom,10,8099032,2.2,4.7,4.8,8.9,5.15,2.87,13.99,8.43,0
1329,Ahmedabad,Satellite,Plot,0,3859,1,0,14,Security|Play Area|Garden|Lift|Fire Safety|Jogging Track|Parking|Gym|Intercom|Visitor Parking|Club House,11,25140258,1.1,4.7,4.2,7.6,4.4,3.32,5.13,4.22,0
1330,Bangalore,Hebbal,Villa,5,3681,5,0,2,Fire Safety|Intercom|Power Backup|Security|CCTV|Jogging Track,6,36144335,2.8,7.3,7.4,2.5,5.0,3.96,9.11,6.54,0
1331,Surat,Vesu,Commercial,0,320,2,1,1,Jogging Track|Visitor Parking|Intercom|Gym|Club House|Fire Safety|CCTV,7,1848994,8.0,8.2,4.5,2.4,5.77,5.35,1.17,3.26,0
1332,Kolkata,New Town,Villa,4,4223,4,0,7,Swimming Pool|Gym|Power Backup|Play Area|Lift|Parking|Jogging Track|Club House|CCTV|Garden,10,24260672,4.5,7.7,8.7,4.1,6.25,6.74,6.19,6.46,0
1333,Ahmedabad,Bodakdev,Apartment,4,1907,4,10,16,,0,9669566,7.5,7.0,6.1,5.8,6.6,3.24,10.59,6.92,0
1334,Surat,Katargam,Apartment,3,1052,3,3,12,Power Backup|CCTV|Gym|Garden|Play Area,5,3475291,5.6,0.7,7.1,2.0,3.85,7.89,4.34,6.12,0
1335,Delhi,Saket,Commercial,0,1159,3,24,7,Garden|Lift|Intercom|Play Area|Club House,5,20496870,0.6,3.5,4.9,5.3,3.58,2.74,10.94,6.84,0
1336,Jaipur,C-Scheme,Plot,0,3815,3,0,30,Visitor Parking|Swimming Pool|Security|Power Backup|Fire Safety|CCTV|Club House|Intercom|Parking|Gym|Lift,11,18455104,1.1,1.5,1.5,2.0,1.52,7.71,1.32,4.51,0
1337,Kolkata,Alipore,Villa,4,4640,4,0,13,Jogging Track|Play Area|Gym|Lift|Security|Swimming Pool|Fire Safety,7,33281534,2.3,9.5,6.4,4.1,5.58,4.06,10.04,7.05,0
1338,Pune,Wakad,Commercial,0,2471,3,14,14,CCTV|Parking|Lift|Visitor Parking,4,17764227,2.3,3.7,2.9,8.5,4.35,2.89,4.98,3.94,0
1339,Bangalore,Hebbal,Villa,5,4136,5,0,5,Fire Safety|Jogging Track,2,37261612,6.7,1.5,2.4,0.4,2.75,3.9,2.77,3.33,0
1340,Chennai,Velachery,Villa,3,2084,3,0,21,Garden|Parking|Fire Safety|Power Backup|Intercom,5,12710529,5.3,1.2,0.2,9.3,4.0,6.61,14.27,10.44,0
1341,Pune,Kharadi,Apartment,3,1302,3,15,28,Visitor Parking|CCTV|Play Area|Parking,4,8880382,7.3,9.2,3.4,1.1,5.25,4.87,1.56,3.21,0
1342,Jaipur,Vaishali Nagar,Independent House,1,805,1,19,26,Power Backup|Garden|Swimming Pool,3,3377875,6.1,2.0,5.3,7.8,5.3,6.6,3.74,5.17,0
1343,Delhi,Lajpat Nagar,Plot,0,1515,3,0,12,Power Backup|Garden|CCTV,3,21841668,9.4,9.1,3.6,1.5,5.9,7.12,6.17,6.64,0
1344,Pune,Hinjewadi,Independent House,3,1359,3,9,14,Intercom|Swimming Pool|Security|Power Backup|Club House|Play Area|Lift|Visitor Parking|Garden|Jogging Track|Fire Safety|Gym|Parking,13,12354375,3.0,9.9,5.3,3.4,5.4,7.6,9.27,8.43,0
1345,Kolkata,Salt Lake,Apartment,4,1854,4,29,8,Parking|Intercom|Power Backup|CCTV|Fire Safety|Security,6,11483267,3.8,5.5,0.4,8.3,4.5,7.01,5.25,6.13,0
1346,Jaipur,Mansarovar,Villa,3,1820,3,0,4,Lift|Play Area|Visitor Parking|Power Backup,4,9161560,6.7,2.9,1.8,9.1,5.12,5.87,1.4,3.63,0
1347,Chennai,Porur,Apartment,3,1595,3,15,18,Fire Safety|Lift|Play Area|Jogging Track|Power Backup|Swimming Pool,6,8580369,7.3,0.2,2.6,5.8,3.97,2.88,7.45,5.17,0
1348,Bangalore,HSR Layout,Villa,3,4033,3,0,11,Play Area|Garden|Gym|Lift|Fire Safety|Intercom,6,39503064,0.8,1.9,6.3,7.6,4.15,5.59,3.34,4.46,0
1349,Pune,Baner,Independent House,3,1371,3,3,17,Garden|Parking|Gym|Visitor Parking|Intercom|Lift|Fire Safety|Club House|Security,9,12275069,9.2,1.6,2.2,5.0,4.5,6.99,12.13,9.56,0
1350,Jaipur,Ajmer Road,Commercial,0,2479,3,17,22,Visitor Parking|Swimming Pool|Club House|Power Backup|Fire Safety|CCTV|Parking|Gym|Security|Play Area|Lift|Garden,12,9579033,8.2,8.9,6.0,7.6,7.68,4.05,10.94,7.49,0
1351,Mumbai,Thane,Apartment,2,865,2,27,22,Jogging Track|Security,2,11426040,2.1,9.8,4.2,7.6,5.93,2.67,1.26,1.96,0
1352,Ahmedabad,Navrangpura,Apartment,2,855,2,1,25,Intercom|CCTV|Gym|Power Backup|Swimming Pool|Lift|Jogging Track|Play Area|Parking|Club House,10,4731776,7.8,9.2,2.1,9.0,7.03,3.11,5.92,4.51,0
1353,Delhi,Rohini,Independent House,3,1360,3,5,27,Visitor Parking|Jogging Track|CCTV|Security|Intercom|Swimming Pool|Fire Safety|Club House,8,12374556,0.1,2.2,1.9,2.8,1.75,7.41,8.52,7.96,0
1354,Delhi,Rohini,Commercial,0,2244,2,22,18,Power Backup|Play Area,2,20010960,1.8,3.5,3.8,2.1,2.8,3.37,2.58,2.98,0
1355,Pune,Hinjewadi,Plot,0,1703,3,0,4,Visitor Parking|Garden|Jogging Track|Lift|Intercom|Gym|Swimming Pool,7,17029937,1.2,2.8,6.0,3.1,3.27,7.86,7.22,7.54,0
1356,Jaipur,Mansarovar,Independent House,4,1393,4,27,2,Fire Safety|Visitor Parking|Power Backup|Play Area|Garden|Parking|Gym|CCTV|Security|Jogging Track|Club House|Swimming Pool|Lift|Intercom,14,7085647,4.0,5.9,1.0,9.3,5.05,7.87,1.91,4.89,0
1357,Hyderabad,Madhapur,Villa,5,5111,5,0,3,Fire Safety|Club House|Jogging Track,3,49713662,7.6,7.7,5.9,7.6,7.2,6.81,14.21,10.51,0
1358,Pune,Wakad,Commercial,0,1956,2,16,8,Visitor Parking|Power Backup,2,14793268,2.5,5.0,6.3,1.3,3.78,2.6,1.74,2.17,0
1359,Delhi,Saket,Apartment,2,995,2,19,21,Parking|Lift|CCTV|Jogging Track|Swimming Pool,5,14223905,6.6,5.2,4.9,4.7,5.35,3.76,7.97,5.87,0
1360,Jaipur,C-Scheme,Commercial,0,1707,3,17,0,Gym|Club House|Swimming Pool|Visitor Parking|Power Backup|Garden|Play Area|Security|CCTV|Fire Safety|Lift|Intercom,12,11247499,8.6,3.0,7.1,4.9,5.9,2.81,11.02,6.92,0
1361,Ahmedabad,Bodakdev,Commercial,0,2309,3,17,21,CCTV|Power Backup|Visitor Parking|Intercom|Parking|Play Area|Gym|Security,8,12311335,5.9,3.8,6.8,7.7,6.05,3.71,1.86,2.79,0
1362,Surat,Adajan,Villa,4,4657,4,0,25,CCTV|Gym|Play Area|Garden|Club House|Swimming Pool|Fire Safety|Parking|Power Backup|Security|Jogging Track,11,21935797,2.4,2.3,3.1,0.8,2.15,6.13,13.17,9.65,0
1363,Delhi,Vasant Kunj,Villa,3,4471,3,0,1,Play Area|Club House|CCTV|Intercom|Visitor Parking|Lift|Gym,7,84508597,5.9,9.9,3.8,3.9,5.88,5.44,12.32,8.88,0
1364,Delhi,Rohini,Independent House,4,1714,4,25,24,Garden|Parking|CCTV|Lift|Fire Safety|Club House|Security|Power Backup|Jogging Track|Gym,10,15972693,5.4,2.9,0.5,10.0,4.7,4.41,4.16,4.29,0
1365,Delhi,Lajpat Nagar,Apartment,3,1279,3,2,18,Intercom|Power Backup|Club House|Security|Garden|Swimming Pool|Lift|Visitor Parking|Parking|Play Area|CCTV|Gym,12,19335995,2.5,5.2,6.7,5.5,4.97,7.29,9.79,8.54,0
1366,Jaipur,Malviya Nagar,Commercial,0,2344,1,21,30,Jogging Track|Power Backup|Lift|Play Area|Intercom|Club House|Gym|Fire Safety|Swimming Pool|Parking|Security|Visitor Parking|CCTV,13,10498360,6.9,3.0,4.4,3.2,4.38,6.98,1.9,4.44,0
1367,Hyderabad,Kondapur,Independent House,3,1164,3,8,21,Security|Club House|Fire Safety|Swimming Pool|Parking|Jogging Track|Gym|Play Area|CCTV,9,8417387,5.6,4.4,6.5,0.4,4.22,2.96,2.91,2.94,0
1368,Chennai,Velachery,Commercial,0,1020,3,27,1,Power Backup|Visitor Parking|Gym|Jogging Track|Swimming Pool|Garden|Lift|Club House|Play Area|Security|Parking,11,8639454,8.9,4.0,8.4,8.4,7.43,3.42,8.99,6.21,0
1369,Jaipur,Vaishali Nagar,Commercial,0,2677,3,8,15,Swimming Pool|Security|CCTV|Fire Safety|Garden|Jogging Track|Club House|Power Backup|Intercom|Play Area|Visitor Parking|Gym|Parking|Lift,14,14117127,9.7,4.4,2.5,5.9,5.62,4.94,6.25,5.6,0
1370,Delhi,Vasant Kunj,Commercial,0,2035,2,21,7,Visitor Parking|Parking|Garden|Power Backup,4,33237607,8.2,0.2,9.7,6.1,6.05,7.05,10.27,8.66,0
1371,Mumbai,Thane,Villa,4,4951,4,0,9,Jogging Track|Garden|Play Area|Swimming Pool|Intercom|Security|Power Backup|CCTV|Gym|Club House,10,80443832,9.2,3.0,9.4,7.6,7.3,3.78,13.03,8.4,0
1372,Bangalore,Indiranagar,Independent House,4,1234,4,8,27,Fire Safety,1,12772020,4.9,7.4,9.3,3.3,6.23,4.53,13.86,9.2,0
1373,Delhi,Rohini,Independent House,1,780,1,13,19,Fire Safety|Intercom|Jogging Track|Garden|Power Backup|Gym|Visitor Parking|Play Area|Club House|Swimming Pool|Security,11,8453297,1.4,4.0,6.3,3.1,3.7,2.49,3.21,2.85,0
1374,Jaipur,Malviya Nagar,Commercial,0,1980,2,14,15,Jogging Track|Parking|Lift|Visitor Parking|CCTV|Garden|Fire Safety|Swimming Pool|Gym|Security|Play Area|Intercom|Club House,13,11979258,9.4,8.8,2.2,9.5,7.48,7.54,10.06,8.8,0
1375,Hyderabad,Banjara Hills,Plot,0,2424,2,0,22,Parking|Gym|Club House|CCTV|Jogging Track|Lift|Fire Safety|Visitor Parking|Power Backup|Swimming Pool|Play Area|Security|Intercom,13,31932857,9.3,8.3,4.9,2.2,6.17,3.22,14.24,8.73,0
1376,Chennai,Velachery,Plot,0,3929,1,0,13,Security|CCTV|Fire Safety|Lift|Jogging Track|Club House|Parking|Visitor Parking|Swimming Pool|Gym|Power Backup|Garden|Play Area,13,27916221,9.1,3.7,6.8,4.6,6.05,2.06,2.86,2.46,0
1377,Pune,Wakad,Villa,5,4941,5,0,22,Jogging Track|CCTV|Lift|Swimming Pool|Play Area|Intercom,6,36055044,3.3,2.3,9.1,10.0,6.17,7.64,14.54,11.09,0
1378,Surat,Adajan,Apartment,3,1516,3,19,12,Club House|Play Area|Garden|Parking,4,7095277,5.6,5.8,2.6,5.0,4.75,7.58,13.29,10.43,0
1379,Bangalore,Koramangala,Independent House,4,1345,4,8,3,Gym|Parking|Power Backup|Lift|Garden,5,23182046,2.8,8.8,6.1,7.6,6.33,3.58,5.38,4.48,0
1380,Bangalore,HSR Layout,Plot,0,2039,3,0,27,Play Area|Fire Safety|Power Backup|Gym|Security|Parking|Visitor Parking|Swimming Pool|Club House|Jogging Track|CCTV|Garden|Lift|Intercom,14,18569426,10.0,9.3,0.4,3.6,5.83,6.25,7.79,7.02,0
1381,Ahmedabad,Bodakdev,Villa,3,4663,3,0,2,Fire Safety|Lift|Parking,3,26343826,7.5,8.2,5.6,6.6,6.97,3.27,14.97,9.12,0
1382,Mumbai,Borivali,Commercial,0,1039,2,29,2,Visitor Parking|Power Backup|Play Area,3,17972580,3.3,2.8,9.8,1.2,4.28,4.24,14.01,9.12,0
1383,Delhi,Vasant Kunj,Villa,3,2464,3,0,14,Jogging Track|Play Area|Power Backup|Fire Safety|Lift|Gym|Garden|Intercom|Visitor Parking|CCTV|Security|Swimming Pool|Club House,13,35777864,0.5,6.4,3.2,0.6,2.68,2.42,14.33,8.38,0
1384,Kolkata,Salt Lake,Plot,0,2890,1,0,7,Fire Safety|Club House|Swimming Pool|Gym|Security|Parking|Visitor Parking|Power Backup|CCTV|Intercom|Jogging Track|Play Area,12,19031843,8.0,7.4,9.2,9.0,8.4,5.62,6.03,5.83,0
1385,Delhi,Vasant Kunj,Commercial,0,1118,2,14,28,Power Backup|Lift|CCTV|Jogging Track|Club House|Swimming Pool,6,14425896,8.1,6.1,4.3,4.3,5.7,2.24,5.78,4.01,0
1386,Ahmedabad,Satellite,Villa,4,2487,4,0,9,Club House|Swimming Pool|Power Backup|Lift|Parking|CCTV|Play Area,7,15929727,5.2,3.0,0.5,0.8,2.38,2.27,2.51,2.39,0
1387,Kolkata,Ballygunge,Apartment,4,1876,4,23,18,Lift|Garden|Fire Safety|CCTV|Swimming Pool|Intercom|Gym|Power Backup|Visitor Parking|Security|Play Area|Club House|Jogging Track,13,13750872,4.2,7.0,3.1,7.2,5.38,6.54,7.3,6.92,0
1388,Chennai,Velachery,Villa,3,3316,3,0,2,CCTV|Lift|Play Area|Swimming Pool|Club House|Intercom|Gym|Power Backup|Security|Fire Safety|Visitor Parking,11,31943867,4.8,6.9,8.7,9.7,7.52,5.61,7.81,6.71,0
1389,Surat,Althan,Independent House,4,1509,4,2,4,Gym|Security,2,7345621,0.2,9.7,8.6,2.1,5.15,5.89,10.1,7.99,0
1390,Kolkata,Alipore,Villa,3,4265,3,0,24,Parking|Power Backup|Club House|Gym|Swimming Pool|Fire Safety|Intercom,7,27292881,4.5,4.9,0.2,4.5,3.52,3.46,5.13,4.29,0
1391,Kolkata,Salt Lake,Independent House,1,652,1,20,27,Club House|Fire Safety|Power Backup|CCTV|Play Area|Intercom|Lift|Gym|Security|Garden|Jogging Track,11,3236268,7.2,9.4,9.1,8.7,8.6,3.39,1.85,2.62,0
1392,Mumbai,Juhu,Commercial,0,1593,3,2,8,Play Area|Club House|Power Backup|Swimming Pool|Jogging Track|Garden|CCTV|Intercom|Security|Gym|Fire Safety|Visitor Parking|Lift|Parking,14,50010849,2.3,2.2,9.1,3.4,4.25,5.61,12.79,9.2,0
1393,Ahmedabad,Satellite,Independent House,4,1626,4,26,30,Play Area|Jogging Track|Garden|Power Backup|Parking|Security|Lift|Visitor Parking|Club House|Gym,10,7278591,1.3,2.0,6.1,1.0,2.6,4.5,14.91,9.71,0
1394,Chennai,T Nagar,Villa,5,2185,5,0,0,Lift|Garden|Play Area|Parking|Jogging Track,5,25777880,8.9,0.3,0.6,4.3,3.53,5.71,2.69,4.2,0
1395,Hyderabad,Kondapur,Independent House,3,1363,3,24,1,Intercom|Lift|Parking|Fire Safety|CCTV|Swimming Pool|Gym|Security|Club House|Power Backup|Visitor Parking|Jogging Track,12,13644615,8.6,1.0,5.6,5.1,5.07,3.0,2.65,2.83,0
1396,Hyderabad,Madhapur,Villa,5,4193,5,0,22,Visitor Parking|Intercom|Power Backup|Swimming Pool|Parking|Garden|Fire Safety,7,32839249,1.2,2.0,9.7,7.7,5.15,2.04,12.69,7.37,0
1397,Ahmedabad,Prahlad Nagar,Independent House,2,843,2,8,11,Visitor Parking|Club House|Garden|Play Area|Security|Parking|Fire Safety|Power Backup|Swimming Pool|Jogging Track|CCTV,11,5030646,4.1,4.6,8.5,7.9,6.28,4.17,1.42,2.79,0
1398,Bangalore,Koramangala,Commercial,0,585,1,10,10,Visitor Parking|Parking|Club House|Gym|Jogging Track|Play Area,6,8906927,6.4,9.0,0.6,6.3,5.58,6.28,10.25,8.27,0
1399,Jaipur,C-Scheme,Plot,0,4093,3,0,22,Fire Safety|Lift|Jogging Track|Garden|Play Area|Gym|Visitor Parking|Power Backup,8,21522998,1.5,4.0,6.4,8.9,5.2,5.75,9.65,7.7,0
1400,Ahmedabad,Prahlad Nagar,Plot,0,2416,2,0,2,,0,18214981,3.9,7.2,8.8,5.2,6.27,5.24,3.99,4.62,0
1401,Jaipur,Ajmer Road,Independent House,3,1650,3,5,0,,0,6477909,5.4,2.6,8.3,3.0,4.83,4.54,8.07,6.3,0
1402,Mumbai,Powai,Independent House,3,1126,3,1,24,Swimming Pool|Power Backup|Lift|CCTV|Gym|Visitor Parking|Garden|Fire Safety|Intercom|Jogging Track,10,20971054,8.9,6.3,5.3,6.0,6.62,4.1,4.98,4.54,0
1403,Surat,Vesu,Plot,0,2828,1,0,10,CCTV|Security|Garden|Power Backup|Swimming Pool|Parking|Club House|Play Area,8,15014831,0.9,4.2,1.3,2.1,2.12,2.47,10.48,6.48,0
1404,Kolkata,Alipore,Commercial,0,2425,2,27,8,Power Backup|Play Area|Club House|Fire Safety|Visitor Parking|Jogging Track|Parking|Swimming Pool|Lift,9,20137669,7.1,1.3,7.0,8.6,6.0,2.71,3.98,3.34,0
1405,Ahmedabad,Bodakdev,Villa,5,4825,5,0,29,CCTV,1,20012574,1.1,3.7,2.9,5.2,3.23,2.71,5.27,3.99,0
1406,Pune,Baner,Independent House,4,1228,4,25,4,Visitor Parking|CCTV,2,13254922,9.4,3.1,2.8,1.8,4.28,6.44,1.03,3.74,0
1407,Jaipur,C-Scheme,Apartment,1,813,1,15,18,CCTV|Power Backup|Garden|Club House,4,3994890,7.2,6.1,7.6,5.0,6.47,4.77,7.3,6.04,0
1408,Ahmedabad,Satellite,Independent House,1,919,1,21,19,Club House|Security|Fire Safety|Garden|Intercom|Gym,6,5070427,8.9,7.4,6.5,8.7,7.88,6.24,9.01,7.62,0
1409,Chennai,Adyar,Apartment,1,698,1,30,19,CCTV|Visitor Parking|Gym|Fire Safety|Intercom|Security|Power Backup|Lift,8,6473110,1.2,9.4,1.8,0.2,3.15,6.72,4.43,5.57,0
1410,Surat,Piplod,Apartment,3,1411,3,18,1,Fire Safety|Gym|Garden|Club House|Parking|Play Area|Visitor Parking,7,7843175,3.2,2.6,1.1,1.0,1.98,3.01,3.02,3.01,0
1411,Chennai,Anna Nagar,Villa,4,5136,4,0,21,Gym|CCTV,2,39805177,1.8,7.1,3.0,1.0,3.23,2.85,13.5,8.18,0
1412,Chennai,Porur,Apartment,1,703,1,7,24,CCTV|Security|Power Backup|Intercom|Play Area|Club House|Swimming Pool|Parking|Gym,9,3709782,5.5,0.7,0.3,6.3,3.2,7.48,1.26,4.37,0
1413,Jaipur,Ajmer Road,Apartment,2,1190,2,17,20,Parking|Lift|CCTV|Club House|Power Backup|Swimming Pool|Security|Play Area|Intercom|Fire Safety|Garden|Gym,12,4209215,4.2,9.1,4.5,0.0,4.45,4.79,12.61,8.7,0
1414,Chennai,T Nagar,Apartment,1,846,1,8,19,Fire Safety|Play Area|Club House|Garden,4,7698049,2.1,8.4,2.8,1.6,3.73,5.2,1.98,3.59,0
1415,Delhi,Saket,Apartment,2,1171,2,17,8,Club House|Security|CCTV|Intercom|Garden|Jogging Track|Lift|Fire Safety|Play Area|Visitor Parking|Parking|Gym|Swimming Pool|Power Backup,14,21181358,9.6,3.3,9.1,1.3,5.83,7.53,9.52,8.53,0
1416,Mumbai,Bandra,Villa,4,5805,4,0,24,Intercom|Swimming Pool|Play Area|Jogging Track|Visitor Parking|Fire Safety,6,142446072,8.3,6.7,6.7,3.5,6.3,6.88,12.58,9.73,0
1417,Pune,Wakad,Villa,5,1869,5,0,3,Garden|Security|Power Backup|Gym|Visitor Parking|Play Area|Lift,7,17989565,7.1,1.9,8.2,6.3,5.88,6.85,4.1,5.47,0
1418,Ahmedabad,Prahlad Nagar,Apartment,3,1504,3,28,22,CCTV|Security|Gym|Visitor Parking|Club House|Swimming Pool|Lift|Power Backup|Fire Safety|Play Area|Intercom,11,9199493,6.6,5.7,6.8,5.7,6.2,2.39,2.8,2.59,0
1419,Delhi,Rohini,Independent House,2,1251,2,16,23,Lift|Security|Play Area|Gym|Intercom|Fire Safety|Power Backup|Jogging Track|Visitor Parking|Club House|Parking|Swimming Pool,12,12750979,4.1,1.2,5.2,5.0,3.88,5.1,1.61,3.35,0
1420,Hyderabad,Banjara Hills,Independent House,4,1745,4,14,10,,0,20132033,3.3,8.8,8.1,9.9,7.53,3.35,10.65,7.0,0
1421,Delhi,Rohini,Villa,3,4497,3,0,9,Play Area,1,51997573,0.3,4.3,0.2,8.0,3.2,7.61,12.77,10.19,0
1422,Hyderabad,Banjara Hills,Plot,0,2752,2,0,26,,0,29611330,5.2,2.4,0.7,6.0,3.57,4.63,2.34,3.48,0
1423,Ahmedabad,Thaltej,Apartment,1,631,1,29,1,Garden|Jogging Track|Swimming Pool|Parking|Gym|Power Backup,6,3569404,6.1,4.3,1.0,0.6,3.0,2.31,12.9,7.61,0
1424,Kolkata,Salt Lake,Commercial,0,1983,1,27,19,Play Area|CCTV|Gym|Power Backup|Club House|Fire Safety|Visitor Parking|Lift|Intercom|Jogging Track|Parking|Security,12,12796108,7.8,4.5,3.3,1.9,4.38,2.62,9.33,5.97,0
1425,Delhi,Lajpat Nagar,Villa,5,2832,5,0,20,Lift|Garden|Club House|Power Backup|CCTV|Play Area|Parking|Swimming Pool,8,40141590,0.4,1.3,5.8,5.1,3.15,5.91,6.01,5.96,0
1426,Surat,Althan,Villa,3,5646,3,0,9,Garden|Lift|Fire Safety|Gym|Intercom|Parking|Play Area|Swimming Pool|Visitor Parking,9,28706109,5.6,0.5,3.4,9.8,4.83,5.84,3.82,4.83,0
1427,Delhi,Vasant Kunj,Villa,5,5697,5,0,22,Power Backup|CCTV|Jogging Track|Garden|Visitor Parking|Play Area|Lift|Security|Parking|Swimming Pool|Gym,11,81930719,7.9,0.4,2.2,0.0,2.62,3.34,4.22,3.78,0
1428,Surat,Vesu,Villa,4,4515,4,0,25,Club House|Security|Fire Safety|Parking|Gym|Garden|CCTV|Power Backup|Play Area|Jogging Track|Lift,11,21649076,4.4,6.3,9.1,3.6,5.85,7.85,3.79,5.82,0
1429,Chennai,T Nagar,Villa,4,3227,4,0,10,Intercom|Security|Parking|Visitor Parking|Gym|Jogging Track|Lift|CCTV|Club House|Swimming Pool|Play Area|Fire Safety|Garden,13,34885520,2.1,4.6,3.7,3.7,3.52,3.03,8.38,5.71,0
1430,Surat,Piplod,Apartment,1,673,1,28,29,Visitor Parking|Security,2,2110810,3.8,3.7,6.0,9.8,5.83,3.47,1.65,2.56,0
1431,Surat,Althan,Villa,5,4209,5,0,25,Garden|Security,2,13467708,8.0,8.7,8.5,9.7,8.72,7.32,3.93,5.62,0
1432,Delhi,Saket,Commercial,0,565,1,16,12,Play Area|Visitor Parking|Intercom|Garden|Power Backup|Jogging Track|CCTV|Swimming Pool|Parking|Fire Safety|Security|Lift,12,7829102,4.7,5.8,6.4,7.9,6.2,5.9,3.9,4.9,0
1433,Hyderabad,Kondapur,Villa,4,3590,4,0,9,Club House|CCTV|Parking|Garden|Lift|Intercom,6,27953304,7.5,3.0,5.2,2.3,4.5,2.25,8.17,5.21,0
1434,Pune,Wakad,Plot,0,4630,2,0,13,Visitor Parking|Power Backup|Garden|Lift|Club House,5,36896416,4.4,2.7,0.8,9.0,4.22,3.77,8.02,5.89,0
1435,Jaipur,Vaishali Nagar,Independent House,2,850,2,3,2,Gym|Intercom|Security|Garden|Jogging Track,5,5290773,2.5,7.5,7.7,8.5,6.55,3.14,9.46,6.3,0
1436,Bangalore,Hebbal,Independent House,1,753,1,9,26,Visitor Parking|Club House|Fire Safety|CCTV|Gym,5,5296942,5.1,7.6,1.5,4.0,4.55,3.36,11.49,7.42,0
1437,Ahmedabad,Satellite,Commercial,0,2704,3,24,14,Fire Safety|Power Backup|Garden|Swimming Pool|Jogging Track|Security|Club House|Visitor Parking|CCTV|Intercom|Play Area,11,18964048,8.5,0.3,1.4,8.7,4.72,3.83,11.33,7.58,0
1438,Ahmedabad,Prahlad Nagar,Independent House,2,1014,2,13,21,Club House|Visitor Parking|Jogging Track|Intercom|Lift|Garden|Gym|CCTV|Power Backup|Swimming Pool|Fire Safety|Security,12,5586912,8.0,9.1,5.7,3.9,6.67,4.29,14.28,9.29,0
1439,Delhi,Lajpat Nagar,Plot,0,2342,2,0,3,CCTV|Power Backup|Play Area|Lift|Swimming Pool,5,32140322,6.7,1.8,8.3,6.0,5.7,2.16,3.79,2.98,0
1440,Kolkata,Park Street,Villa,3,4184,3,0,21,Swimming Pool|Power Backup|Gym|Garden|Intercom|Jogging Track|Parking|Visitor Parking,8,25410565,4.1,1.6,1.1,5.4,3.05,4.87,1.96,3.42,0
1441,Hyderabad,Gachibowli,Villa,4,5340,4,0,26,Play Area|Power Backup|Parking|CCTV|Fire Safety|Lift|Security|Intercom|Garden|Visitor Parking|Jogging Track,11,40689408,9.9,4.5,8.2,6.0,7.15,3.48,5.6,4.54,0
1442,Surat,Piplod,Plot,0,4590,3,0,1,Swimming Pool|Lift|Play Area|Power Backup|Garden|Visitor Parking|Club House|Intercom|Fire Safety|Security|CCTV,11,25355021,6.2,4.3,3.8,6.6,5.22,6.19,2.34,4.27,0
1443,Mumbai,Andheri,Villa,4,4191,4,0,21,Swimming Pool|Jogging Track|Visitor Parking|Security|Power Backup|Club House|Fire Safety|Parking|Gym|Garden|Intercom|CCTV|Play Area|Lift,14,62372849,5.1,4.6,0.7,6.9,4.32,6.5,6.34,6.42,0
1444,Kolkata,New Town,Plot,0,1109,1,0,8,Jogging Track,1,6189971,3.3,7.5,4.8,0.7,4.08,5.29,4.39,4.84,0
1445,Ahmedabad,Satellite,Plot,0,3086,1,0,5,Gym|CCTV|Swimming Pool|Parking|Lift|Jogging Track|Club House|Intercom|Fire Safety|Garden|Play Area|Visitor Parking|Power Backup,13,19286169,2.2,0.3,6.8,2.2,2.88,6.18,12.71,9.45,0
1446,Jaipur,Vaishali Nagar,Plot,0,3325,2,0,1,Gym|Fire Safety|Club House|Security|Play Area|Garden|CCTV|Swimming Pool|Visitor Parking,9,6123973,0.3,0.1,8.2,6.8,3.85,2.38,14.42,8.4,1
1447,Delhi,Rohini,Villa,3,5205,3,0,16,Fire Safety,1,49090660,5.6,1.9,2.1,5.4,3.75,7.63,2.69,5.16,0
1448,Hyderabad,Banjara Hills,Independent House,3,1177,3,0,12,Garden|Gym|Club House|Security|Power Backup|Play Area|Swimming Pool|Fire Safety|Parking|Lift,10,13434278,0.7,2.2,3.0,6.0,2.98,7.9,2.43,5.17,0
1449,Jaipur,Ajmer Road,Villa,4,2576,4,0,19,Play Area|Jogging Track|Club House|Fire Safety|Parking,5,9453699,6.4,8.8,3.2,8.5,6.73,4.89,5.69,5.29,0
1450,Surat,Althan,Plot,0,3932,3,0,20,Security|Intercom|CCTV|Gym|Fire Safety|Play Area|Swimming Pool|Parking|Power Backup|Jogging Track|Garden,11,14764348,0.6,3.7,3.0,1.5,2.2,3.23,1.53,2.38,0
1451,Surat,Piplod,Independent House,2,942,2,10,20,Visitor Parking|Gym|Intercom|Club House|Lift|Fire Safety|Security|Play Area|Garden|Parking|CCTV|Jogging Track,12,4232590,0.5,9.2,9.9,8.0,6.9,6.18,4.11,5.14,0
1452,Kolkata,Alipore,Independent House,2,1026,2,20,0,Fire Safety,1,9202397,9.5,0.5,9.9,9.4,7.32,2.75,3.43,3.09,0
1453,Jaipur,Malviya Nagar,Villa,5,2440,5,0,13,Power Backup|Lift|Parking|Security|Play Area|Club House|Jogging Track|Visitor Parking|Swimming Pool|Fire Safety|Intercom,11,12697389,9.7,2.0,8.6,4.8,6.27,7.71,6.03,6.87,0
1454,Kolkata,New Town,Plot,0,4415,2,0,16,Jogging Track|Club House|Parking|Power Backup|Gym|Visitor Parking|Intercom|Play Area|CCTV,9,25442533,9.2,6.0,1.5,7.3,6.0,3.54,7.49,5.52,0
1455,Ahmedabad,Prahlad Nagar,Plot,0,4739,1,0,10,Jogging Track|Power Backup,2,29160987,9.2,0.0,8.6,7.3,6.27,4.25,6.66,5.46,0
1456,Kolkata,Ballygunge,Independent House,4,1701,4,9,20,Swimming Pool|Club House|Gym|Fire Safety|Visitor Parking|Parking|Security|CCTV|Power Backup,9,10696749,7.7,7.5,3.5,7.1,6.45,5.81,6.15,5.98,0
1457,Mumbai,Thane,Plot,0,4273,3,0,7,Power Backup|Gym|Garden,3,65740567,6.8,7.0,6.5,2.6,5.73,4.73,10.53,7.63,0
1458,Chennai,T Nagar,Commercial,0,2668,3,26,5,,0,22781922,0.9,7.1,3.8,7.1,4.72,7.84,2.12,4.98,0
1459,Hyderabad,Kondapur,Villa,4,3871,4,0,22,Intercom|Fire Safety|Play Area|Club House,4,24758840,7.3,7.5,9.2,8.7,8.18,2.66,9.02,5.84,0
1460,Pune,Kharadi,Independent House,2,1276,2,23,12,Lift|Gym|Parking|Power Backup|Visitor Parking|Swimming Pool|Intercom|Club House|Garden|Security|Fire Safety,11,10987803,7.3,1.7,3.7,7.0,4.92,3.19,3.55,3.37,0
1461,Delhi,Saket,Commercial,0,1170,1,6,1,Parking|Visitor Parking|Security|Lift|Club House|Power Backup|Swimming Pool|CCTV|Garden|Intercom|Gym,11,24995019,3.8,2.8,3.4,5.9,3.98,4.87,10.42,7.64,0
1462,Delhi,Dwarka,Apartment,3,1007,3,21,18,Gym|Swimming Pool|Security|Intercom|Fire Safety|Club House|Lift|Jogging Track|Play Area|Parking|Garden|Visitor Parking,12,11129253,8.9,10.0,8.2,9.4,9.12,5.99,6.3,6.14,0
1463,Mumbai,Powai,Independent House,1,601,1,14,27,Club House|Jogging Track|Parking|Gym|CCTV|Swimming Pool|Lift|Garden|Intercom|Visitor Parking|Security,11,10757671,6.6,4.8,4.1,1.9,4.35,7.92,14.41,11.16,0
1464,Pune,Hinjewadi,Independent House,1,766,1,21,14,CCTV|Power Backup|Club House,3,6728845,7.9,3.5,9.4,9.4,7.55,4.86,10.22,7.54,0
1465,Delhi,Saket,Independent House,2,1164,2,4,27,CCTV|Visitor Parking|Jogging Track|Intercom|Gym|Parking|Power Backup|Club House,8,15278775,8.3,10.0,9.9,4.7,8.23,7.38,14.37,10.88,0
1466,Ahmedabad,Thaltej,Villa,3,3533,3,0,5,Play Area|Jogging Track|Swimming Pool|Visitor Parking|Club House|Gym|Parking|Power Backup|Security|CCTV|Fire Safety|Lift,12,20309630,4.8,9.0,1.2,1.4,4.1,5.21,11.16,8.19,0
1467,Delhi,Vasant Kunj,Villa,5,2329,5,0,20,Club House|Jogging Track|Visitor Parking|Fire Safety|Intercom,5,36944684,4.4,2.3,2.6,2.9,3.05,2.67,5.76,4.21,0
1468,Surat,Vesu,Apartment,3,1130,3,27,10,CCTV|Jogging Track|Gym|Lift|Visitor Parking|Intercom,6,6242683,3.9,4.2,7.7,8.0,5.95,7.6,2.77,5.18,0
1469,Surat,Althan,Villa,3,5038,3,0,0,Fire Safety|Power Backup|Garden|Parking|Lift|Security|Visitor Parking|Jogging Track,8,24070761,6.0,1.5,6.7,8.0,5.55,6.22,9.38,7.8,0
1470,Chennai,Adyar,Apartment,3,1587,3,15,20,Security|Power Backup|Lift|Club House|Gym|Garden|Parking|Play Area|Intercom|Swimming Pool|Jogging Track|Visitor Parking|CCTV,13,14369882,7.8,8.6,7.3,3.0,6.67,6.89,13.77,10.33,0
1471,Bangalore,Koramangala,Commercial,0,1906,2,13,21,Garden|Visitor Parking|Club House|Jogging Track|Swimming Pool|Intercom|Lift,7,22689935,9.2,7.0,5.5,1.0,5.67,3.94,12.08,8.01,0
1472,Mumbai,Thane,Independent House,4,1870,4,5,18,Power Backup|Jogging Track,2,20671832,9.0,2.1,8.0,2.0,5.28,5.91,6.07,5.99,0
1473,Surat,Adajan,Villa,4,5298,4,0,21,Parking|Gym|Swimming Pool|Garden|Power Backup|Fire Safety|Visitor Parking|CCTV|Lift|Intercom|Security|Club House|Jogging Track,13,20947418,1.2,4.0,3.0,6.0,3.55,3.03,11.43,7.23,0
1474,Delhi,Saket,Plot,0,3054,3,0,20,Garden|Gym|Swimming Pool|Jogging Track|Play Area|CCTV|Power Backup,7,48721499,9.1,2.2,5.9,9.9,6.78,4.88,10.71,7.79,0
1475,Delhi,Lajpat Nagar,Villa,4,5766,4,0,20,Club House|Lift|CCTV|Parking|Swimming Pool|Garden|Jogging Track|Intercom|Visitor Parking|Power Backup|Security,11,90386619,0.2,5.6,5.4,8.1,4.82,4.93,8.26,6.59,0
1476,Surat,Althan,Apartment,2,1294,2,21,28,Parking,1,4260792,7.0,0.1,4.5,3.1,3.67,2.23,9.05,5.64,0
1477,Bangalore,Koramangala,Commercial,0,1351,1,2,3,Lift|Garden|Intercom|Parking|Club House|Gym|Security|Play Area,8,21320467,9.5,9.0,2.9,5.3,6.67,2.84,7.87,5.36,0
1478,Pune,Hadapsar,Independent House,2,1152,2,3,21,Gym|Security|Fire Safety|Visitor Parking|Parking|Lift|Play Area|Swimming Pool|Intercom|Garden|Club House|CCTV|Power Backup,13,7904978,7.3,4.2,5.5,2.6,4.9,5.9,3.29,4.6,0
1479,Ahmedabad,Bodakdev,Independent House,4,1911,4,4,17,Swimming Pool|Play Area|Jogging Track,3,12216687,6.3,6.5,7.1,5.6,6.38,5.89,8.16,7.03,0
1480,Bangalore,Indiranagar,Villa,4,5352,4,0,12,,0,69276523,2.5,2.7,5.3,6.8,4.33,4.44,5.61,5.03,0
1481,Delhi,Vasant Kunj,Independent House,3,1149,3,27,25,Lift|Gym|Swimming Pool,3,15813347,9.7,3.8,1.1,9.3,5.97,3.05,11.2,7.12,0
1482,Chennai,Adyar,Plot,0,1582,3,0,11,CCTV|Lift|Intercom|Visitor Parking|Fire Safety|Swimming Pool|Gym|Jogging Track|Parking|Security|Club House,11,15155572,7.4,9.7,5.3,5.9,7.08,7.1,7.68,7.39,0
1483,Bangalore,HSR Layout,Apartment,2,1136,2,4,4,CCTV|Jogging Track|Lift|Gym|Garden|Security,6,11786934,4.2,4.6,4.4,3.5,4.18,4.81,5.02,4.91,0
1484,Kolkata,Alipore,Villa,4,2512,4,0,30,Club House|Visitor Parking|Garden|Swimming Pool,4,15332645,0.8,2.4,0.9,5.8,2.48,2.51,5.0,3.75,0
1485,Ahmedabad,Bodakdev,Plot,0,4967,3,0,4,Power Backup|Intercom|Play Area|Jogging Track|Visitor Parking|Swimming Pool|Club House,7,8628091,1.9,8.3,0.1,4.2,3.62,5.21,5.83,5.52,1
1486,Jaipur,Ajmer Road,Apartment,4,1372,4,21,29,Visitor Parking|Intercom|Security|Parking|Swimming Pool|Garden|Play Area|Lift|Power Backup|Gym|Jogging Track|CCTV|Fire Safety|Club House,14,4428648,1.1,9.1,2.5,5.4,4.53,6.6,2.65,4.62,0
1487,Chennai,Porur,Independent House,3,1218,3,0,23,CCTV|Club House|Security|Lift|Intercom|Gym|Power Backup|Play Area|Jogging Track|Fire Safety,10,6847982,6.2,3.3,3.5,0.1,3.27,7.34,3.61,5.47,0
1488,Pune,Hinjewadi,Apartment,4,1703,4,6,2,Intercom|Parking|Club House|Swimming Pool|Power Backup|Gym|Visitor Parking|Jogging Track,8,16053373,2.3,4.0,3.0,4.3,3.4,3.09,12.36,7.72,0
1489,Delhi,Saket,Plot,0,2125,1,0,11,Club House|Gym|Garden|Security|Swimming Pool|Play Area|Lift|Visitor Parking|CCTV|Intercom|Power Backup,11,40028202,9.0,1.6,2.0,4.8,4.35,5.99,4.72,5.36,0
1490,Kolkata,Ballygunge,Commercial,0,2329,3,22,4,Visitor Parking|Fire Safety|Club House|Intercom|Jogging Track,5,19351741,9.6,7.9,1.3,3.4,5.55,2.08,10.58,6.33,0
1491,Mumbai,Thane,Independent House,4,1811,4,23,0,Power Backup|Lift|Visitor Parking|Fire Safety|Swimming Pool|Club House,6,31078657,1.5,5.1,2.5,7.7,4.2,7.19,14.92,11.05,0
1492,Hyderabad,Kondapur,Villa,4,2644,4,0,22,Intercom|CCTV|Parking|Security|Visitor Parking|Jogging Track|Play Area|Gym|Swimming Pool|Power Backup|Club House,11,21121676,1.9,1.5,0.2,2.0,1.4,7.19,6.32,6.76,0
1493,Jaipur,C-Scheme,Villa,3,4553,3,0,13,Gym|Intercom|Club House|Play Area|Fire Safety|Lift|Swimming Pool,7,26867112,2.8,3.5,4.2,3.2,3.42,2.29,1.57,1.93,0
1494,Mumbai,Thane,Independent House,2,946,2,15,8,CCTV|Swimming Pool|Club House|Parking|Lift|Power Backup|Garden|Play Area|Jogging Track|Gym|Fire Safety|Intercom|Security|Visitor Parking,14,14965590,7.4,3.6,7.8,5.3,6.03,4.23,10.1,7.17,0
1495,Hyderabad,Jubilee Hills,Plot,0,1514,1,0,4,Jogging Track|CCTV|Swimming Pool|Gym|Visitor Parking|Security|Intercom|Garden|Power Backup|Play Area,10,21523148,5.5,3.4,7.3,9.9,6.53,3.21,11.09,7.15,0
1496,Mumbai,Andheri,Villa,4,3868,4,0,28,Visitor Parking|Intercom|Garden|Jogging Track|Power Backup|Swimming Pool|Club House|Gym|Security|Play Area|CCTV|Lift|Fire Safety|Parking,14,65572279,9.6,0.6,9.7,1.9,5.45,6.89,7.93,7.41,0
1497,Jaipur,Ajmer Road,Apartment,2,1024,2,24,16,Intercom|Visitor Parking|Club House|Jogging Track|CCTV|Lift,6,3762500,0.0,5.7,5.9,0.1,2.93,7.57,8.18,7.88,0
1498,Jaipur,Ajmer Road,Independent House,3,1225,3,9,22,Intercom|Swimming Pool|Parking|Security,4,4403648,2.4,0.4,1.5,8.8,3.28,7.56,4.79,6.17,0
1499,Mumbai,Thane,Villa,3,2751,3,0,0,Garden|Play Area|CCTV|Fire Safety|Visitor Parking|Swimming Pool|Lift|Jogging Track|Intercom|Security,10,45588797,2.9,9.9,6.3,0.1,4.8,4.13,11.23,7.68,0
1500,Chennai,T Nagar,Independent House,1,875,1,21,27,Visitor Parking|CCTV|Swimming Pool|Club House|Lift|Intercom|Security|Play Area|Power Backup|Jogging Track|Parking|Fire Safety,12,6235344,6.3,8.6,4.0,4.5,5.85,6.38,7.07,6.72,0
1501,Bangalore,Indiranagar,Apartment,4,1385,4,14,5,Fire Safety|Parking|Security|CCTV|Power Backup|Visitor Parking|Lift|Gym|Intercom|Swimming Pool|Play Area|Jogging Track|Club House,13,21558967,0.7,2.5,9.1,9.7,5.5,2.6,8.37,5.48,0
1502,Mumbai,Borivali,Apartment,4,1593,4,0,3,Gym|Visitor Parking|Play Area|Fire Safety|Parking|Security|Swimming Pool|CCTV|Power Backup|Lift|Jogging Track|Intercom|Club House,13,36230542,8.2,8.5,0.8,1.4,4.72,6.56,13.49,10.03,0
1503,Bangalore,HSR Layout,Independent House,4,1358,4,7,1,Jogging Track|Lift|Play Area|Intercom|Swimming Pool|Gym|Fire Safety|Power Backup,8,15087371,1.0,8.9,4.2,0.0,3.53,3.35,4.17,3.76,0
1504,Kolkata,New Town,Independent House,3,1231,3,29,28,Club House|Play Area|Jogging Track|Swimming Pool|Power Backup|Parking|Visitor Parking|CCTV|Gym|Intercom,10,6164111,6.2,1.2,9.2,9.2,6.45,7.37,9.46,8.42,0
1505,Bangalore,Indiranagar,Commercial,0,1671,3,5,21,Parking|Play Area|Visitor Parking|Lift|CCTV|Jogging Track,6,17907210,1.0,9.2,6.6,9.3,6.52,6.86,10.96,8.91,0
1506,Delhi,Dwarka,Villa,5,3000,5,0,10,Club House|Power Backup,2,31760118,7.9,4.8,0.7,5.8,4.8,7.76,4.9,6.33,0
1507,Delhi,Vasant Kunj,Villa,3,4954,3,0,11,Power Backup|Club House|Fire Safety|Visitor Parking|CCTV,5,79382040,3.3,8.0,6.5,2.5,5.08,4.51,7.96,6.23,0
1508,Jaipur,Mansarovar,Commercial,0,2496,1,12,2,Jogging Track|Club House|Intercom|CCTV|Security|Swimming Pool|Play Area|Parking|Gym,9,12285600,8.5,3.6,4.7,1.3,4.53,2.66,13.76,8.21,0
1509,Pune,Kharadi,Independent House,4,1347,4,26,27,Club House|Security|Visitor Parking|Jogging Track|Gym|Parking|Swimming Pool|Garden,8,10394446,3.8,0.3,9.6,3.7,4.35,6.21,10.28,8.24,0
1510,Delhi,Saket,Commercial,0,947,1,4,11,Swimming Pool|Security,2,13482638,5.7,8.1,1.5,1.8,4.28,6.46,11.47,8.96,0
1511,Chennai,Porur,Plot,0,3563,2,0,25,Jogging Track|Gym|Lift|Swimming Pool|Parking|Visitor Parking|Intercom|Fire Safety|Play Area|Club House,10,21021525,4.0,4.2,9.5,4.5,5.55,6.27,4.61,5.44,0
1512,Surat,Althan,Independent House,2,1016,2,29,5,Swimming Pool|Intercom|Club House|Parking,4,4618953,4.0,0.6,3.9,8.2,4.17,7.86,9.47,8.67,0
1513,Delhi,Saket,Plot,0,3365,3,0,20,Fire Safety|Club House|Parking|Gym|Garden|Visitor Parking,6,47022738,1.1,0.8,6.0,8.5,4.1,2.17,4.95,3.56,0
1514,Jaipur,Vaishali Nagar,Apartment,2,1105,2,0,24,Lift|Security|Intercom|Visitor Parking|Gym|Play Area|Fire Safety|CCTV|Power Backup|Garden|Club House|Parking|Swimming Pool|Jogging Track,14,4794453,0.9,3.1,9.8,7.5,5.33,7.75,8.0,7.88,0
1515,Pune,Wakad,Independent House,2,1159,2,21,3,Club House|Jogging Track|Intercom|Swimming Pool|Visitor Parking,5,9289284,1.5,5.9,3.8,5.9,4.28,7.11,5.06,6.08,0
1516,Bangalore,Indiranagar,Apartment,1,718,1,28,6,Play Area|Fire Safety|Parking|Jogging Track|Intercom|CCTV|Garden|Security|Swimming Pool|Visitor Parking|Lift|Power Backup,12,10821478,9.4,0.4,7.1,6.8,5.92,3.43,14.96,9.2,0
1517,Surat,Adajan,Villa,5,5875,5,0,3,Gym|Parking|Lift|Intercom|Swimming Pool|Power Backup|CCTV|Security|Visitor Parking|Play Area|Garden|Fire Safety,12,33457396,5.8,3.5,0.7,7.1,4.28,4.76,14.81,9.79,0
1518,Chennai,Porur,Villa,3,5799,3,0,1,Fire Safety|Lift|Club House|Jogging Track|CCTV,5,38896476,1.3,3.7,8.4,9.5,5.72,4.24,10.55,7.4,0
1519,Jaipur,Mansarovar,Independent House,1,917,1,20,1,Visitor Parking|Security|Jogging Track|Intercom|Gym|Parking|Swimming Pool|Play Area|Fire Safety|Power Backup|Garden,11,5027709,2.2,8.7,6.7,3.5,5.27,4.81,8.49,6.65,0
1520,Ahmedabad,Bodakdev,Apartment,2,1174,2,3,29,Club House|Visitor Parking|Fire Safety|Security|Jogging Track|Garden|Swimming Pool|Parking|CCTV|Lift|Play Area|Gym|Power Backup|Intercom,14,6044130,0.4,1.6,4.7,6.4,3.28,3.92,1.44,2.68,0
1521,Surat,Piplod,Apartment,3,1440,3,15,6,,0,5911029,0.2,7.6,4.2,2.5,3.62,3.06,2.98,3.02,0
1522,Chennai,Porur,Apartment,3,1462,3,27,13,Security|Play Area|Lift|Parking|Gym|Swimming Pool|Club House|Visitor Parking,8,10033856,3.0,2.0,9.4,4.8,4.8,5.21,11.97,8.59,0
1523,Kolkata,Park Street,Commercial,0,1893,1,17,25,CCTV|Security|Swimming Pool|Play Area|Fire Safety|Parking|Garden|Power Backup|Club House|Intercom|Gym|Visitor Parking|Jogging Track|Lift,14,10958931,3.2,7.9,6.7,2.6,5.1,6.33,14.84,10.59,0
1524,Bangalore,Indiranagar,Commercial,0,699,1,6,23,Club House|Jogging Track|Intercom,3,7825720,6.0,2.2,2.1,1.9,3.05,6.08,14.37,10.22,0
1525,Pune,Baner,Apartment,3,1314,3,16,26,Swimming Pool|Jogging Track|Power Backup|Play Area|Visitor Parking|Club House|Intercom|Parking|CCTV|Lift|Security|Garden|Fire Safety,13,10832590,1.8,4.3,1.8,5.9,3.45,5.26,6.34,5.8,0
1526,Kolkata,Park Street,Commercial,0,706,1,25,26,Swimming Pool,1,3228043,6.2,4.1,5.0,7.5,5.7,7.56,2.4,4.98,0
1527,Ahmedabad,Thaltej,Commercial,0,433,3,9,27,Security|Fire Safety|Power Backup|Intercom|Club House|Swimming Pool,6,1602864,4.7,1.2,9.7,9.1,6.17,4.48,12.49,8.48,0
1528,Kolkata,Salt Lake,Independent House,2,1059,2,9,8,Play Area|Lift|Visitor Parking|Club House|Security|Gym|Fire Safety|Intercom|Power Backup|Garden|Swimming Pool|CCTV|Parking|Jogging Track,14,7358680,5.7,4.3,5.6,3.9,4.88,5.7,6.51,6.11,0
1529,Mumbai,Borivali,Plot,0,1855,3,0,12,Parking|Club House|Garden|Intercom|Fire Safety|Visitor Parking|Security|Gym|Jogging Track|Swimming Pool|Play Area,11,33293027,7.8,8.4,6.3,2.6,6.28,5.32,14.28,9.8,0
1530,Hyderabad,Banjara Hills,Apartment,1,823,1,0,20,CCTV|Parking|Gym|Fire Safety|Intercom|Swimming Pool|Club House|Jogging Track|Garden|Play Area|Security|Visitor Parking,12,8721764,3.6,2.4,9.0,3.0,4.5,5.21,4.43,4.82,0
1531,Kolkata,Park Street,Apartment,3,1084,3,29,4,Gym|Play Area|CCTV|Swimming Pool|Visitor Parking|Power Backup|Jogging Track|Fire Safety|Intercom|Parking,10,8602764,1.8,0.8,8.4,9.1,5.03,3.25,2.41,2.83,0
1532,Mumbai,Juhu,Apartment,4,1840,4,2,6,Club House|Fire Safety|Garden|Play Area|Power Backup|Parking|Intercom|CCTV|Gym|Swimming Pool,10,47510457,6.3,8.5,1.2,3.4,4.85,4.08,14.93,9.5,0
1533,Surat,Althan,Apartment,2,1067,2,23,8,Swimming Pool|Security|CCTV|Gym|Intercom|Play Area|Parking|Fire Safety|Power Backup|Jogging Track|Club House|Lift|Visitor Parking|Garden,14,5142769,7.3,9.4,2.7,4.8,6.05,7.72,5.88,6.8,0
1534,Jaipur,C-Scheme,Plot,0,4861,2,0,16,Security|Lift|Parking|Fire Safety|Visitor Parking|Club House,6,24626128,7.9,5.9,1.7,2.1,4.4,6.33,7.07,6.7,0
1535,Ahmedabad,Navrangpura,Commercial,0,1412,2,19,3,Club House|Fire Safety|Security|CCTV|Garden|Play Area|Swimming Pool|Jogging Track|Power Backup,9,8490342,9.6,2.5,4.1,6.0,5.55,7.26,14.31,10.79,0
1536,Jaipur,C-Scheme,Plot,0,1045,1,0,5,Garden|Club House|Parking|Fire Safety|Security|Swimming Pool|CCTV|Play Area|Jogging Track|Visitor Parking|Intercom|Power Backup,12,7031405,3.2,0.1,3.3,4.7,2.83,6.77,13.58,10.18,0
1537,Jaipur,Vaishali Nagar,Plot,0,3123,3,0,6,Security|Swimming Pool|Intercom|Lift|CCTV|Visitor Parking|Club House|Garden,8,15942076,3.2,3.2,2.0,8.0,4.1,4.99,14.86,9.93,0
1538,Kolkata,Salt Lake,Apartment,4,1375,4,19,10,Club House|Security|CCTV|Gym|Lift|Play Area|Intercom|Visitor Parking|Parking,9,8628692,9.7,0.4,5.3,5.3,5.17,4.02,1.23,2.62,0
1539,Ahmedabad,Bodakdev,Plot,0,3265,2,0,10,Garden|Club House|Swimming Pool|Intercom|Fire Safety|Power Backup|Gym|Security|Parking|Visitor Parking|Lift|CCTV,12,21336398,1.2,3.7,6.2,0.3,2.85,2.29,1.15,1.72,0
1540,Delhi,Vasant Kunj,Plot,0,2654,1,0,2,Jogging Track|Visitor Parking|Garden,3,45995589,5.4,0.0,6.9,0.5,3.2,7.3,1.6,4.45,0
1541,Mumbai,Powai,Apartment,3,1337,3,22,19,Visitor Parking|Club House|Lift|Parking|Play Area|Power Backup|Swimming Pool|Intercom|CCTV|Fire Safety|Security|Garden,12,30279997,1.2,5.3,5.8,6.6,4.72,7.86,5.51,6.69,0
1542,Ahmedabad,Satellite,Apartment,3,1303,3,22,2,Intercom|Security|Play Area|Jogging Track|Visitor Parking,5,7927472,0.8,4.9,2.1,6.7,3.62,4.81,6.39,5.6,0
1543,Ahmedabad,Bodakdev,Independent House,2,1216,2,18,24,Intercom|Garden|Lift|Power Backup|Parking|Fire Safety|Swimming Pool|Play Area,8,6242376,3.6,9.8,8.7,5.1,6.8,6.68,3.63,5.15,0
1544,Chennai,Porur,Villa,5,4316,5,0,30,CCTV|Play Area|Swimming Pool|Parking|Power Backup|Jogging Track|Intercom|Fire Safety|Gym|Security|Club House|Lift|Garden,13,26653703,5.3,3.5,1.2,5.5,3.88,4.13,3.97,4.05,0
1545,Kolkata,Alipore,Plot,0,4960,2,0,1,Lift|Garden|Swimming Pool|Gym|Club House|CCTV|Security,7,34775573,4.0,5.9,5.3,4.9,5.03,4.6,10.54,7.57,0
1546,Hyderabad,Banjara Hills,Villa,3,2235,3,0,28,,0,19209288,2.4,5.3,2.8,8.8,4.83,6.2,6.66,6.43,0
1547,Kolkata,Salt Lake,Villa,5,3997,5,0,15,Parking|Visitor Parking|Security,3,24162103,2.9,6.0,7.3,0.9,4.27,5.02,10.81,7.92,0
1548,Ahmedabad,Prahlad Nagar,Villa,3,4381,3,0,21,Parking,1,24071730,9.0,1.4,0.1,4.7,3.8,4.0,3.49,3.75,0
1549,Chennai,Anna Nagar,Villa,5,1879,5,0,19,Power Backup|CCTV|Gym|Fire Safety|Security,5,14974408,0.5,0.2,6.8,2.9,2.6,3.37,8.04,5.71,0
1550,Bangalore,Koramangala,Apartment,3,1343,3,14,15,Garden|Intercom|Lift|Play Area|Power Backup|Jogging Track|Fire Safety|Security|Gym|Parking|Visitor Parking,11,17364884,8.9,7.7,8.6,9.0,8.55,5.57,2.58,4.08,0
1551,Jaipur,Vaishali Nagar,Villa,4,3604,4,0,21,Garden|Power Backup,2,15790790,5.8,7.0,4.3,2.1,4.8,2.54,13.89,8.21,0
1552,Kolkata,Salt Lake,Independent House,4,1739,4,5,8,Play Area|Garden|Visitor Parking|Club House|CCTV|Fire Safety|Lift|Parking|Swimming Pool|Gym|Intercom|Security|Power Backup|Jogging Track,14,11887579,5.7,7.9,3.5,1.1,4.55,2.05,13.98,8.02,0
1553,Bangalore,Indiranagar,Villa,5,4173,5,0,19,Play Area|Parking|Lift|Power Backup|Jogging Track|Swimming Pool|CCTV|Gym,8,53886373,2.2,8.3,1.2,4.9,4.15,2.03,5.93,3.98,0
1554,Mumbai,Bandra,Independent House,2,979,2,28,9,Fire Safety|Intercom|Play Area|Visitor Parking|Parking|Swimming Pool|Lift|Jogging Track|Garden|Club House|Security|CCTV,12,32986621,2.9,0.3,9.3,2.5,3.75,6.07,6.41,6.24,0
1555,Kolkata,Salt Lake,Independent House,3,1611,3,9,5,Club House|Play Area|Garden|CCTV|Parking|Security|Lift|Swimming Pool|Intercom,9,11307418,3.0,0.9,5.7,6.3,3.97,5.27,6.26,5.76,0
1556,Kolkata,Salt Lake,Villa,5,5420,5,0,22,Intercom|Play Area|Jogging Track|Garden|Power Backup,5,28331918,4.7,9.6,4.6,9.1,7.0,2.16,11.73,6.95,0
1557,Delhi,Rohini,Commercial,0,1538,1,18,16,Parking|CCTV|Intercom|Visitor Parking|Lift,5,14078882,8.5,1.3,6.7,4.6,5.28,6.58,8.25,7.42,0
1558,Mumbai,Bandra,Apartment,3,1109,3,10,19,Fire Safety,1,28378414,4.8,3.3,0.6,7.4,4.03,6.05,11.35,8.7,0
1559,Mumbai,Thane,Villa,5,2980,5,0,17,Power Backup|Parking|Security|Play Area|Visitor Parking|Lift|Intercom|Garden|Gym|Jogging Track|Swimming Pool,11,45880191,0.0,6.0,1.2,1.0,2.05,3.23,7.63,5.43,0
1560,Jaipur,Mansarovar,Plot,0,1255,1,0,9,Power Backup|Parking|Security|Intercom|Lift|Fire Safety,6,5790521,6.2,4.3,6.4,1.8,4.67,6.91,10.2,8.55,0
1561,Bangalore,Hebbal,Commercial,0,1120,2,15,9,Play Area|Swimming Pool|CCTV|Power Backup,4,9760861,2.8,3.9,8.0,4.6,4.82,6.88,3.07,4.97,0
1562,Chennai,Porur,Apartment,4,1211,4,18,9,,0,8994852,8.9,6.2,0.4,9.1,6.15,7.78,7.55,7.67,0
1563,Ahmedabad,Prahlad Nagar,Apartment,2,983,2,16,27,Intercom|Security|Garden|Fire Safety|Club House|Play Area|Swimming Pool|Power Backup|Jogging Track|CCTV|Parking|Visitor Parking|Lift,13,6071705,8.6,1.4,7.8,6.6,6.1,7.54,1.95,4.75,0
1564,Ahmedabad,Navrangpura,Plot,0,2277,3,0,22,Intercom|Visitor Parking|Play Area|Fire Safety|Lift|Parking|Garden|CCTV|Club House|Jogging Track|Security|Gym|Power Backup|Swimming Pool,14,11831400,1.6,1.0,1.1,9.3,3.25,4.86,11.64,8.25,0
1565,Hyderabad,Banjara Hills,Villa,5,4946,5,0,24,Swimming Pool|Gym|CCTV|Lift|Fire Safety|Visitor Parking,6,55684302,0.7,7.6,6.1,8.4,5.7,7.54,5.5,6.52,0
1566,Ahmedabad,Navrangpura,Villa,5,3436,5,0,6,Power Backup|Fire Safety|Play Area|Lift,4,19496246,7.4,4.3,5.3,7.9,6.22,2.52,1.34,1.93,0
1567,Delhi,Rohini,Apartment,2,1257,2,0,11,Club House|CCTV|Intercom|Swimming Pool|Garden|Parking|Power Backup|Play Area|Fire Safety|Lift|Security|Jogging Track,12,11325740,6.2,5.6,1.4,0.7,3.48,4.57,6.27,5.42,0
1568,Delhi,Lajpat Nagar,Apartment,2,1200,2,16,9,Swimming Pool,1,15817977,0.5,5.4,0.2,8.2,3.58,3.74,12.59,8.16,0
1569,Kolkata,Park Street,Apartment,2,1295,2,9,2,CCTV|Security|Intercom|Fire Safety|Jogging Track|Lift|Club House|Play Area,8,8333290,7.0,1.1,4.7,9.2,5.5,3.58,1.42,2.5,0
1570,Pune,Wakad,Independent House,2,971,2,28,24,,0,5916964,5.5,7.3,9.2,6.6,7.15,7.27,4.3,5.79,0
1571,Delhi,Lajpat Nagar,Commercial,0,444,2,2,30,CCTV|Jogging Track|Fire Safety|Swimming Pool|Intercom|Power Backup,6,5146960,2.7,0.4,0.4,5.1,2.15,5.9,7.04,6.47,0
1572,Chennai,T Nagar,Apartment,1,613,1,24,25,Security|Intercom|CCTV|Club House|Gym|Visitor Parking|Power Backup|Jogging Track|Fire Safety|Garden|Swimming Pool|Lift,12,5722989,5.5,1.2,1.2,6.2,3.53,7.42,5.93,6.67,0
1573,Pune,Wakad,Apartment,2,918,2,2,18,,0,6372694,7.5,8.9,7.9,5.7,7.5,7.95,1.21,4.58,0
1574,Hyderabad,Banjara Hills,Apartment,1,664,1,14,5,Gym|Garden|Visitor Parking|CCTV,4,8217796,2.4,2.9,6.1,4.8,4.05,2.73,2.08,2.41,0
1575,Chennai,Adyar,Villa,4,4724,4,0,28,Fire Safety|Security|Power Backup|Lift|Garden|Intercom|Play Area|Club House|CCTV|Swimming Pool|Parking|Jogging Track|Gym|Visitor Parking,14,43414749,4.1,9.5,4.9,0.8,4.83,7.47,12.78,10.12,0
1576,Jaipur,Malviya Nagar,Independent House,2,862,2,11,23,Visitor Parking|Parking|Gym|Security|Power Backup|CCTV|Swimming Pool|Jogging Track|Play Area|Club House|Fire Safety|Intercom|Garden,13,3611517,9.7,0.6,8.5,3.8,5.65,2.11,6.36,4.24,0
1577,Ahmedabad,Bodakdev,Villa,3,4907,3,0,5,Club House|Intercom|Gym|Play Area|Lift|Jogging Track|Garden|Visitor Parking|CCTV|Parking,10,31346820,9.1,8.1,5.9,7.6,7.68,4.05,12.61,8.33,0
1578,Kolkata,Ballygunge,Apartment,1,883,1,12,30,Play Area|Lift|Intercom|Power Backup|Club House|Jogging Track|Visitor Parking|Swimming Pool|Security|Garden|CCTV,11,5608692,0.2,8.0,9.5,0.9,4.65,3.5,8.6,6.05,0
1579,Pune,Hadapsar,Plot,0,1116,3,0,8,Lift|Play Area|Fire Safety|Visitor Parking|CCTV,5,2138706,3.1,6.6,8.4,8.5,6.65,4.66,1.24,2.95,1
1580,Mumbai,Juhu,Apartment,3,1491,3,20,27,Security|Club House|Gym|CCTV|Swimming Pool|Lift|Garden|Jogging Track,8,36952226,2.6,7.9,2.6,4.9,4.5,3.36,3.44,3.4,0
1581,Surat,Adajan,Villa,3,2115,3,0,5,Intercom|Power Backup|CCTV|Garden|Gym|Fire Safety|Security|Jogging Track|Play Area|Parking,10,11440930,0.2,8.4,8.5,5.4,5.62,2.27,4.29,3.28,0
1582,Delhi,Dwarka,Commercial,0,2117,1,16,2,Security|Garden|CCTV,3,24790865,8.2,4.2,6.4,8.8,6.9,2.86,5.57,4.21,0
1583,Pune,Baner,Plot,0,3869,2,0,30,CCTV|Gym|Parking|Garden,4,31071778,9.3,9.1,0.3,6.1,6.2,6.85,8.15,7.5,0
1584,Jaipur,Ajmer Road,Independent House,2,993,2,26,18,,0,4329786,1.5,7.6,6.5,9.6,6.3,7.75,14.89,11.32,0
1585,Surat,Althan,Commercial,0,2881,3,23,13,Jogging Track|Swimming Pool|Intercom|Gym|CCTV|Power Backup|Fire Safety|Parking,8,12688239,8.4,2.9,2.4,2.4,4.03,6.61,6.07,6.34,0
1586,Ahmedabad,Prahlad Nagar,Apartment,2,1027,2,23,30,Club House|Garden|Swimming Pool|Visitor Parking|Intercom|CCTV|Jogging Track|Parking|Play Area|Security|Power Backup|Lift|Fire Safety|Gym,14,5850741,8.3,1.3,5.4,7.8,5.7,4.45,9.19,6.82,0
1587,Bangalore,Hebbal,Independent House,3,1349,3,10,3,Club House,1,11457426,9.8,5.8,6.3,7.7,7.4,7.4,13.27,10.34,0
1588,Mumbai,Andheri,Apartment,4,1469,4,24,17,Power Backup|Jogging Track|Swimming Pool|Parking|Gym|Club House|CCTV|Garden|Visitor Parking|Fire Safety|Intercom,11,24975245,5.3,3.9,4.2,1.3,3.67,6.18,4.38,5.28,0
1589,Chennai,Anna Nagar,Independent House,3,1605,3,19,19,Jogging Track,1,12742477,7.4,3.5,4.5,4.1,4.88,4.7,12.69,8.7,0
1590,Chennai,Porur,Villa,5,3302,5,0,23,CCTV|Intercom|Swimming Pool|Parking|Gym|Garden|Power Backup|Security|Play Area|Club House|Jogging Track|Visitor Parking,12,18568332,2.8,7.7,2.3,4.9,4.43,2.29,8.25,5.27,0
1591,Jaipur,Ajmer Road,Commercial,0,2047,2,10,12,Visitor Parking|Parking|Fire Safety|Gym|Security,5,8560156,2.8,8.8,3.1,3.5,4.55,2.99,5.03,4.01,0
1592,Ahmedabad,Navrangpura,Villa,3,4163,3,0,30,Lift|CCTV|Swimming Pool|Security|Fire Safety|Parking|Jogging Track|Power Backup|Visitor Parking|Garden|Club House|Gym|Intercom|Play Area,14,5751231,8.3,0.3,2.0,9.4,5.0,5.43,11.25,8.34,1
1593,Jaipur,Malviya Nagar,Plot,0,3216,1,0,22,Fire Safety|Swimming Pool|Power Backup|Club House|Jogging Track|Lift|Visitor Parking|Play Area|CCTV|Parking|Gym,11,16912975,8.0,7.4,2.2,0.7,4.58,2.94,5.69,4.32,0
1594,Ahmedabad,Thaltej,Apartment,3,1039,3,13,3,Jogging Track|Visitor Parking|Intercom|Garden|Security|Fire Safety|Gym|Play Area|Club House|Power Backup|Swimming Pool|Lift|CCTV|Parking,14,6487769,2.7,1.5,8.1,7.3,4.9,3.7,3.78,3.74,0
1595,Delhi,Lajpat Nagar,Villa,3,5357,3,0,2,Intercom|CCTV|Security|Parking|Gym|Club House|Lift,7,94904288,6.3,2.3,3.5,5.3,4.35,7.73,13.29,10.51,0
1596,Hyderabad,Madhapur,Plot,0,4815,3,0,12,Garden|Intercom|Power Backup|Lift|Swimming Pool|Security|CCTV|Club House|Parking,9,43193525,4.5,2.5,4.2,1.8,3.25,7.74,10.25,9.0,0
1597,Pune,Wakad,Villa,4,5807,4,0,19,Play Area|Security|Gym|Lift|Fire Safety|Intercom,6,40245519,8.5,4.1,5.6,3.2,5.35,6.05,6.76,6.4,0
1598,Ahmedabad,Navrangpura,Plot,0,2935,1,0,8,Jogging Track|Security|Garden|Play Area|Gym|Lift|Power Backup,7,15977912,5.7,1.7,2.1,6.3,3.95,7.69,9.59,8.64,0
1599,Pune,Kharadi,Commercial,0,2510,1,30,23,,0,18174050,0.9,7.0,9.1,7.7,6.17,5.32,10.17,7.75,0
1600,Jaipur,Malviya Nagar,Independent House,2,880,2,26,17,Fire Safety|Jogging Track|Security|Lift|Parking|Garden,6,4665919,2.2,7.3,9.4,0.4,4.82,2.12,14.16,8.14,0
1601,Delhi,Lajpat Nagar,Plot,0,4772,1,0,5,Lift|Gym|Security|Play Area,4,78003994,2.5,2.7,1.2,7.8,3.55,5.93,2.84,4.38,0
1602,Chennai,Anna Nagar,Apartment,1,858,1,23,22,Jogging Track|Club House|Gym|Fire Safety|Intercom|Parking|Swimming Pool|Garden|Lift|Security|Power Backup|CCTV,12,6317694,7.8,4.3,7.4,3.0,5.62,4.75,2.4,3.58,0
1603,Surat,Piplod,Plot,0,3185,2,0,2,Club House|Intercom|Lift,3,17330530,9.1,5.3,2.4,0.2,4.25,4.98,6.51,5.75,0
1604,Pune,Hadapsar,Apartment,4,1429,4,18,0,Visitor Parking|Security|Power Backup|Garden|Jogging Track|Swimming Pool,6,12592613,3.3,8.1,9.8,1.0,5.55,3.02,13.11,8.06,0
1605,Ahmedabad,Thaltej,Villa,3,2957,3,0,12,Fire Safety|Power Backup|Intercom|CCTV|Security|Gym|Visitor Parking|Parking|Play Area,9,16115914,3.4,1.5,3.2,5.7,3.45,4.44,1.08,2.76,0
1606,Hyderabad,Jubilee Hills,Plot,0,4894,2,0,30,Security|Garden|Power Backup|Jogging Track|Intercom|CCTV|Swimming Pool|Gym|Fire Safety|Club House,10,52010140,7.6,1.6,7.5,1.7,4.6,4.63,14.61,9.62,0
1607,Mumbai,Juhu,Plot,0,2198,3,0,25,Power Backup|Parking|Jogging Track|Intercom|Club House|CCTV|Gym|Visitor Parking,8,48100864,10.0,7.2,8.8,2.7,7.17,3.93,13.45,8.69,0
1608,Surat,Vesu,Villa,4,3474,4,0,25,Jogging Track|Garden|Intercom|CCTV|Lift|Power Backup|Fire Safety|Swimming Pool|Parking,9,13962365,7.2,8.5,1.4,5.2,5.57,6.98,1.14,4.06,0
1609,Kolkata,New Town,Villa,4,2349,4,0,0,Jogging Track|Security|Visitor Parking|Swimming Pool,4,12676762,3.3,0.6,4.7,1.6,2.55,4.1,8.83,6.46,0
1610,Hyderabad,Madhapur,Apartment,2,940,2,9,26,Fire Safety|Club House|CCTV|Lift|Garden|Visitor Parking|Play Area|Power Backup|Intercom|Swimming Pool|Gym|Parking|Security|Jogging Track,14,8656938,2.8,2.6,1.0,8.0,3.6,5.52,11.72,8.62,0
1611,Pune,Hadapsar,Commercial,0,2777,2,30,25,Fire Safety|CCTV|Play Area|Power Backup|Security|Parking|Gym|Club House|Swimming Pool|Garden|Jogging Track,11,18246571,6.1,1.4,4.8,0.0,3.08,2.47,14.58,8.53,0
1612,Bangalore,Hebbal,Plot,0,4284,3,0,15,Lift|Intercom|Swimming Pool|Security|Visitor Parking,5,34258211,7.7,7.1,3.5,8.4,6.68,3.9,2.09,3.0,0
1613,Surat,Vesu,Villa,5,4075,5,0,22,Fire Safety|Club House,2,18098175,4.9,7.9,6.9,5.6,6.33,4.61,5.87,5.24,0
1614,Mumbai,Powai,Plot,0,3634,3,0,13,CCTV|Intercom|Security,3,69339383,1.8,7.5,0.1,4.4,3.45,5.16,1.08,3.12,0
1615,Chennai,Velachery,Apartment,3,1259,3,16,29,,0,8229672,0.3,2.7,4.8,0.4,2.05,6.17,4.54,5.36,0
1616,Mumbai,Borivali,Apartment,4,1822,4,20,14,Parking|Power Backup|Jogging Track|Play Area|Intercom|Swimming Pool|Gym,7,30490859,6.1,7.1,7.1,1.8,5.52,7.11,2.16,4.63,0
1617,Delhi,Dwarka,Plot,0,1310,2,0,3,Intercom|Lift|Security|Play Area|CCTV|Gym|Garden|Club House|Power Backup|Parking|Swimming Pool|Visitor Parking|Jogging Track,13,17381487,9.4,4.0,8.4,6.7,7.12,2.39,12.55,7.47,0
1618,Jaipur,Malviya Nagar,Independent House,1,688,1,14,1,CCTV|Security|Jogging Track|Intercom,4,4384536,6.4,8.4,9.4,3.1,6.83,5.36,2.65,4.0,0
1619,Ahmedabad,Thaltej,Apartment,4,1290,4,3,29,Parking,1,5283607,1.9,5.9,9.7,7.7,6.3,6.73,4.05,5.39,0
1620,Pune,Wakad,Apartment,2,957,2,26,21,Fire Safety|Security|Jogging Track|Parking|Lift|Gym|Club House|Garden|Play Area|Swimming Pool,10,6983856,5.7,4.1,8.4,2.7,5.23,3.2,14.71,8.96,0
1621,Chennai,Porur,Independent House,1,850,1,11,18,Garden|Visitor Parking|Play Area|Intercom|Power Backup,5,4798985,6.9,1.7,9.5,5.9,6.0,2.93,8.96,5.95,0
1622,Kolkata,Park Street,Independent House,2,975,2,22,30,Intercom|Jogging Track|Lift|Swimming Pool|Fire Safety|Security|Visitor Parking|Play Area,8,5469046,0.3,1.2,6.6,1.9,2.5,2.84,9.22,6.03,0
1623,Pune,Hadapsar,Plot,0,1077,2,0,22,Play Area,1,7321548,9.0,1.6,4.8,3.4,4.7,7.42,3.62,5.52,0
1624,Pune,Baner,Villa,4,3325,4,0,24,,0,29389396,6.2,5.9,6.9,7.3,6.58,4.84,4.41,4.62,0
1625,Pune,Hadapsar,Independent House,4,1894,4,12,9,,0,14574102,8.8,7.6,9.0,5.1,7.62,4.53,11.84,8.19,0
1626,Surat,Piplod,Commercial,0,416,1,16,5,Lift|CCTV|Jogging Track|Intercom|Security|Parking|Play Area|Garden|Power Backup|Gym|Fire Safety|Swimming Pool|Visitor Parking|Club House,14,2177797,1.7,0.0,1.5,8.8,3.0,3.81,2.13,2.97,0
1627,Hyderabad,Gachibowli,Plot,0,1538,3,0,7,Play Area|Intercom,2,12090998,3.7,4.8,3.4,4.7,4.15,6.12,10.78,8.45,0
1628,Ahmedabad,Navrangpura,Plot,0,2788,1,0,12,Garden|Visitor Parking,2,14863956,4.0,3.3,2.8,6.7,4.2,7.24,9.36,8.3,0
1629,Jaipur,Vaishali Nagar,Independent House,4,1885,4,23,18,,0,8383989,6.1,7.7,3.7,3.4,5.22,6.94,9.55,8.25,0
1630,Kolkata,Salt Lake,Villa,3,5895,3,0,6,,0,39773972,4.4,3.4,6.5,4.3,4.65,3.71,6.42,5.06,0
1631,Ahmedabad,Bodakdev,Independent House,4,1383,4,5,12,Intercom|Swimming Pool|Power Backup|Visitor Parking|Garden|Play Area|Club House|Jogging Track|Gym|Fire Safety,10,6944891,5.7,3.8,4.5,4.9,4.72,7.76,6.62,7.19,0
1632,Mumbai,Powai,Plot,0,2918,3,0,20,CCTV,1,61922180,9.1,5.0,7.8,7.1,7.25,7.07,14.6,10.84,0
1633,Delhi,Rohini,Plot,0,3941,3,0,2,Gym|Garden,2,42007968,7.1,2.6,5.1,6.1,5.22,7.23,7.09,7.16,0
1634,Ahmedabad,Prahlad Nagar,Apartment,1,850,1,14,11,,0,5114656,6.9,2.5,3.4,3.0,3.95,6.92,8.6,7.76,0
1635,Bangalore,HSR Layout,Independent House,4,1217,4,14,10,Play Area|Gym|CCTV|Swimming Pool,4,12248495,0.4,7.4,2.5,0.8,2.78,2.57,11.18,6.88,0
1636,Ahmedabad,Navrangpura,Independent House,3,1469,3,22,19,Fire Safety|Jogging Track|Intercom,3,6379998,0.4,3.3,0.4,6.1,2.55,6.34,12.37,9.36,0
1637,Delhi,Saket,Commercial,0,622,2,29,20,Lift|Club House|Visitor Parking|Gym|Parking|Fire Safety|Swimming Pool|Jogging Track|Security|Play Area|Power Backup,11,9890316,9.9,6.2,5.4,7.9,7.35,6.17,1.68,3.92,0
1638,Surat,Piplod,Villa,4,4051,4,0,23,Visitor Parking|Parking|Lift|Intercom|Gym|Club House|Fire Safety|Garden|Power Backup|Play Area|CCTV,11,17552798,0.2,4.1,1.3,2.7,2.08,5.59,14.66,10.12,0
1639,Pune,Hinjewadi,Villa,3,1948,3,0,22,Security|Swimming Pool|CCTV|Lift|Jogging Track,5,13950012,5.9,6.3,3.3,3.9,4.85,7.58,1.18,4.38,0
1640,Pune,Baner,Independent House,4,1355,4,14,27,Power Backup|Security|Intercom|Parking|Club House|Lift|CCTV|Gym|Garden|Jogging Track|Fire Safety,11,10334113,5.6,3.5,2.1,9.8,5.25,4.22,5.09,4.65,0
1641,Pune,Wakad,Plot,0,1042,1,0,19,Parking|CCTV|Garden|Visitor Parking|Club House|Play Area|Gym|Intercom|Fire Safety,9,7385964,4.9,2.3,9.2,1.3,4.42,5.64,12.9,9.27,0
1642,Delhi,Saket,Villa,3,2706,3,0,18,Parking|Fire Safety|Jogging Track|Club House,4,43945469,3.5,2.2,9.0,2.8,4.38,6.62,9.82,8.22,0
1643,Pune,Hadapsar,Commercial,0,2481,2,7,27,Power Backup|Visitor Parking|Fire Safety|Lift|Jogging Track|Parking,6,14099465,1.8,2.9,5.3,3.3,3.33,4.78,3.41,4.1,0
1644,Delhi,Saket,Commercial,0,2975,2,13,13,Play Area|Gym|CCTV,3,39401367,6.1,5.0,0.8,5.7,4.4,4.45,1.32,2.89,0
1645,Surat,Vesu,Villa,5,5665,5,0,21,Garden,1,24194574,6.0,7.9,3.9,5.1,5.72,3.16,13.78,8.47,0
1646,Ahmedabad,Prahlad Nagar,Villa,3,5668,3,0,29,Security|Garden|Parking|Lift|Swimming Pool|Gym|Fire Safety|Play Area|Power Backup|Visitor Parking|CCTV,11,30586439,4.4,2.4,1.8,4.6,3.3,5.85,12.25,9.05,0
1647,Pune,Kharadi,Villa,4,2372,4,0,0,Gym|Play Area|Visitor Parking|Club House|Intercom|Power Backup|Jogging Track|Fire Safety|Security|Parking|CCTV,11,20132434,6.1,9.9,7.1,4.4,6.88,6.97,1.84,4.41,0
1648,Kolkata,Salt Lake,Independent House,4,1933,4,29,16,Play Area|Power Backup|Club House|Swimming Pool|Fire Safety|Parking|Lift|Jogging Track|Visitor Parking|Gym,10,11737003,3.7,6.6,1.4,2.4,3.53,4.9,4.7,4.8,0
1649,Pune,Hinjewadi,Plot,0,4826,1,0,24,Garden|Lift|Jogging Track|Power Backup,4,36503989,4.5,2.6,2.8,0.4,2.57,2.84,8.3,5.57,0
1650,Mumbai,Andheri,Independent House,3,1298,3,9,30,Parking|CCTV|Play Area|Lift|Power Backup|Visitor Parking|Jogging Track|Swimming Pool|Garden|Club House|Intercom,11,21081425,8.6,2.6,2.3,8.5,5.5,5.5,3.08,4.29,0
1651,Mumbai,Powai,Independent House,4,1688,4,19,28,Garden|Play Area,2,33299004,8.5,3.1,3.7,8.7,6.0,4.91,3.37,4.14,0
1652,Jaipur,Mansarovar,Villa,4,4911,4,0,0,Swimming Pool|Garden|Security|Lift|Jogging Track|CCTV|Parking|Power Backup|Play Area|Gym,10,29150378,3.6,4.6,9.1,9.1,6.6,7.04,12.84,9.94,0
1653,Jaipur,Malviya Nagar,Villa,4,2069,4,0,12,Swimming Pool|Garden|Intercom|Fire Safety|Lift|Jogging Track|Play Area|Club House|Gym|Security,10,11464301,2.5,2.6,7.4,6.9,4.85,5.9,4.43,5.17,0
1654,Ahmedabad,Satellite,Apartment,3,1565,3,8,2,Security|Jogging Track|Swimming Pool|Parking|Intercom|Lift|Gym|Visitor Parking|Club House|Garden|Fire Safety,11,10086091,5.4,7.8,3.2,6.3,5.67,3.18,2.63,2.91,0
1655,Delhi,Saket,Villa,3,3561,3,0,19,Lift|CCTV|Gym|Visitor Parking|Club House|Swimming Pool|Power Backup,7,62524482,1.9,8.1,6.1,4.6,5.18,2.0,11.56,6.78,0
1656,Surat,Katargam,Plot,0,2246,2,0,16,Intercom|Lift|Play Area|Visitor Parking|Jogging Track|Fire Safety|Security,7,7666854,6.8,5.0,6.3,1.1,4.8,6.54,3.55,5.04,0
1657,Mumbai,Powai,Commercial,0,2227,2,5,5,Visitor Parking,1,50056990,3.0,9.3,4.4,6.4,5.78,5.23,3.56,4.4,0
1658,Delhi,Rohini,Villa,4,5910,4,0,9,Visitor Parking|Intercom|Power Backup|Swimming Pool|Lift,5,60869947,2.1,6.7,3.2,1.9,3.48,4.38,3.4,3.89,0
1659,Bangalore,Hebbal,Villa,4,5681,4,0,20,Visitor Parking|Club House|Jogging Track|Lift|Security|Play Area|Power Backup|Fire Safety|Parking,9,45291008,3.1,7.3,8.3,3.2,5.48,3.85,8.89,6.37,0
1660,Kolkata,Salt Lake,Plot,0,1253,2,0,11,Visitor Parking|Parking|Power Backup|Lift|Gym|Security|Intercom|Garden|Club House|Fire Safety,10,8002633,3.7,3.2,7.9,3.3,4.53,5.36,3.79,4.58,0
1661,Hyderabad,Jubilee Hills,Commercial,0,2102,2,3,2,Parking|Garden|Jogging Track,3,24292619,7.2,4.7,9.7,0.5,5.53,5.96,10.63,8.29,0
1662,Ahmedabad,Satellite,Independent House,4,1260,4,3,1,Garden|Lift|Intercom|Fire Safety|Power Backup|Visitor Parking|Swimming Pool|Security|CCTV|Gym,10,8528719,7.8,4.1,1.5,1.5,3.72,3.79,3.8,3.79,0
1663,Delhi,Saket,Villa,4,3935,4,0,17,Fire Safety|Lift|Jogging Track|Gym|Parking|Swimming Pool|Garden|Club House,8,59103936,7.7,7.5,2.1,3.2,5.12,3.37,6.07,4.72,0
1664,Hyderabad,Madhapur,Independent House,1,671,1,3,20,Club House|Fire Safety|Power Backup|Gym|Intercom|Play Area,6,5306641,5.1,0.2,4.4,0.3,2.5,5.03,12.18,8.61,0
1665,Jaipur,Mansarovar,Independent House,3,1649,3,2,23,CCTV,1,5986002,5.6,1.1,1.6,5.1,3.35,7.11,9.03,8.07,0
1666,Ahmedabad,Thaltej,Villa,3,5330,3,0,26,Power Backup|Fire Safety|Jogging Track|Parking,4,22752916,0.7,6.5,3.4,5.3,3.97,6.16,12.48,9.32,0
1667,Kolkata,Salt Lake,Plot,0,3206,1,0,19,Club House|Gym|Visitor Parking|Security|Garden|Fire Safety|Parking|Power Backup|Swimming Pool|Lift|Intercom|Play Area|CCTV,13,18972321,2.0,8.2,9.3,8.9,7.1,6.29,9.08,7.69,0
1668,Hyderabad,Gachibowli,Villa,4,3287,4,0,3,,0,32148137,9.4,0.4,1.3,3.5,3.65,2.42,13.19,7.8,0
1669,Hyderabad,Gachibowli,Villa,4,3137,4,0,13,Security|Fire Safety|Garden|Gym,4,20127649,9.0,4.4,8.3,3.8,6.38,4.66,11.42,8.04,0
1670,Hyderabad,Kondapur,Apartment,4,1649,4,12,6,Visitor Parking|Club House|CCTV,3,14321788,0.9,1.8,9.1,7.2,4.75,2.73,11.59,7.16,0
1671,Delhi,Saket,Commercial,0,1767,3,10,13,Security|Swimming Pool|Intercom,3,29253061,2.6,1.1,4.6,0.1,2.1,6.82,6.6,6.71,0
1672,Delhi,Vasant Kunj,Independent House,3,1066,3,13,30,Play Area|Lift|Security|Swimming Pool|Club House|Power Backup|Gym|Parking|Garden|CCTV|Intercom|Jogging Track|Visitor Parking,13,12660162,0.1,5.2,1.4,4.7,2.85,2.23,9.35,5.79,0
1673,Hyderabad,Madhapur,Independent House,4,1361,4,13,5,Intercom|Parking,2,12505874,8.1,1.8,8.8,1.1,4.95,2.97,7.97,5.47,0
1674,Chennai,Porur,Independent House,3,1636,3,10,0,Gym|Garden|Fire Safety|Power Backup|Jogging Track|Parking|Club House|CCTV|Lift|Security|Swimming Pool|Play Area,12,12445104,3.5,2.2,4.2,0.7,2.65,7.81,7.5,7.65,0
1675,Kolkata,Alipore,Plot,0,1901,3,0,25,Gym|Lift|Power Backup|Jogging Track|Visitor Parking|Parking|Garden|Play Area|CCTV|Intercom,10,11481773,6.7,1.0,4.9,8.3,5.23,5.43,2.76,4.09,0
1676,Jaipur,Malviya Nagar,Villa,3,2473,3,0,23,Jogging Track,1,10550925,8.9,1.1,2.3,1.8,3.53,5.96,5.6,5.78,0
1677,Ahmedabad,Thaltej,Commercial,0,2417,3,28,8,Parking|Garden|Club House|Visitor Parking|Fire Safety|Gym|Jogging Track|Play Area|Intercom|Swimming Pool|Lift|Power Backup,12,12480642,0.3,7.9,1.6,3.2,3.25,5.43,7.77,6.6,0
1678,Pune,Kharadi,Commercial,0,1961,2,6,14,Lift|Intercom|Power Backup|Swimming Pool|Fire Safety|Visitor Parking|Garden|Parking|Play Area,9,20435307,8.1,4.9,5.5,6.6,6.28,6.01,5.79,5.9,0
1679,Jaipur,C-Scheme,Apartment,3,1436,3,20,0,Parking|Swimming Pool|Security|Power Backup|Visitor Parking|CCTV|Lift|Intercom,8,10501910,3.1,4.4,9.8,0.8,4.53,7.2,8.07,7.63,0
1680,Kolkata,Alipore,Villa,3,3617,3,0,24,,0,24985556,7.4,5.3,7.8,5.6,6.53,5.18,1.66,3.42,0
1681,Jaipur,C-Scheme,Commercial,0,1243,3,30,16,Garden|Parking,2,7096880,1.7,6.3,6.2,8.4,5.65,6.51,3.13,4.82,0
1682,Surat,Piplod,Villa,4,2200,4,0,30,Lift|Club House|Intercom|Visitor Parking|Power Backup|CCTV,6,7484172,7.2,3.0,0.7,7.1,4.5,6.01,3.92,4.96,0
1683,Surat,Althan,Apartment,1,810,1,4,4,Fire Safety|Parking|Security|Club House|Visitor Parking|Play Area|Intercom,7,3682687,2.5,3.5,2.3,9.5,4.45,2.84,6.62,4.73,0
1684,Surat,Vesu,Villa,4,2966,4,0,21,Visitor Parking|Garden|Gym|Play Area,4,13826187,3.1,1.0,6.3,4.7,3.77,5.96,5.18,5.57,0
1685,Delhi,Lajpat Nagar,Commercial,0,2161,1,2,28,Jogging Track|Garden|Lift|Gym|Club House|Fire Safety|Swimming Pool|Visitor Parking|Security|CCTV|Power Backup|Parking,12,24527147,7.9,7.6,2.2,1.0,4.67,7.99,9.45,8.72,0
1686,Surat,Katargam,Villa,5,5851,5,0,26,Club House|Fire Safety|Gym|Play Area|Swimming Pool|Lift|Intercom|Parking|Garden|Power Backup|Visitor Parking,11,19202950,8.4,9.8,0.8,1.0,5.0,6.84,4.4,5.62,0
1687,Ahmedabad,Satellite,Commercial,0,2076,3,8,3,Fire Safety|Jogging Track|Power Backup|Intercom|CCTV|Club House|Play Area|Gym|Lift|Visitor Parking|Garden|Parking,12,14378029,9.7,2.4,5.8,7.1,6.25,5.62,12.41,9.02,0
1688,Mumbai,Powai,Plot,0,4574,3,0,27,Gym|Club House|Play Area|Visitor Parking|Fire Safety|Security|Parking|CCTV,8,81853411,3.3,2.9,4.1,0.3,2.65,4.74,13.47,9.11,0
1689,Pune,Baner,Independent House,2,941,2,14,25,,0,7831853,7.0,6.3,7.7,1.6,5.65,5.35,13.09,9.22,0
1690,Pune,Wakad,Independent House,2,1232,2,15,27,Garden,1,7760258,5.4,8.1,9.7,3.2,6.6,3.84,13.8,8.82,0
1691,Delhi,Saket,Independent House,4,1854,4,5,24,Security|Lift|Jogging Track|Power Backup|Garden|CCTV,6,24367589,9.0,7.5,9.6,3.2,7.33,2.67,9.15,5.91,0
1692,Jaipur,Ajmer Road,Independent House,2,1003,2,19,22,Security,1,3885516,7.1,9.1,6.6,8.5,7.82,2.87,5.76,4.31,0
1693,Pune,Wakad,Villa,4,2648,4,0,27,Fire Safety|Visitor Parking|Lift|CCTV|Play Area|Swimming Pool|Garden|Intercom|Security|Gym|Club House,11,16170870,6.7,2.7,4.9,8.3,5.65,7.9,4.43,6.17,0
1694,Hyderabad,Kondapur,Villa,3,1901,3,0,9,Gym|CCTV|Power Backup,3,15424245,4.1,5.5,5.7,4.1,4.85,7.09,9.13,8.11,0
1695,Surat,Piplod,Independent House,3,1269,3,13,11,Security|Garden|Intercom|Visitor Parking|Swimming Pool,5,6260426,1.3,8.6,9.9,2.5,5.58,5.23,2.8,4.02,0
1696,Jaipur,Mansarovar,Commercial,0,1584,1,25,26,Security|Jogging Track|Garden|Play Area|Intercom|Fire Safety|Power Backup|Parking|Lift,9,6167773,4.6,4.4,5.9,0.6,3.88,7.97,1.31,4.64,0
1697,Ahmedabad,Thaltej,Apartment,3,1488,3,27,22,Swimming Pool|Play Area,2,6681071,9.5,2.8,2.5,9.0,5.95,2.17,9.37,5.77,0
1698,Kolkata,New Town,Plot,0,2562,3,0,14,Intercom|Jogging Track|Play Area|Lift,4,12475725,5.7,8.8,9.5,1.4,6.35,5.24,10.54,7.89,0
1699,Pune,Hinjewadi,Commercial,0,516,3,24,11,Swimming Pool|Visitor Parking|Fire Safety|CCTV|Jogging Track|Intercom|Club House|Garden|Play Area,9,5241355,2.5,6.0,7.6,1.8,4.48,3.09,10.09,6.59,0
1700,Ahmedabad,Bodakdev,Independent House,1,648,1,30,12,Jogging Track|Play Area|Club House|Fire Safety|Visitor Parking|Power Backup|Parking|CCTV|Intercom,9,3674203,3.1,1.8,4.3,2.5,2.92,2.54,4.65,3.6,0
1701,Hyderabad,Gachibowli,Independent House,1,773,1,14,24,Intercom,1,5116877,8.8,0.6,5.6,6.8,5.45,2.57,1.02,1.79,0
1702,Jaipur,Vaishali Nagar,Apartment,3,1393,3,9,0,CCTV|Fire Safety|Garden|Swimming Pool|Parking|Security|Power Backup|Play Area|Lift|Club House|Visitor Parking|Gym,12,9131884,9.1,6.0,5.7,8.9,7.43,6.24,13.32,9.78,0
1703,Bangalore,Hebbal,Villa,4,2048,4,0,19,,0,14088656,8.9,7.9,1.2,9.3,6.83,7.61,2.51,5.06,0
1704,Bangalore,Hebbal,Commercial,0,985,1,15,6,Parking|CCTV|Garden|Power Backup|Intercom|Club House|Play Area|Gym|Jogging Track,9,8059625,3.4,3.7,2.4,8.2,4.42,3.13,6.66,4.89,0
1705,Pune,Hinjewadi,Plot,0,1609,3,0,2,Play Area|Garden|Intercom|CCTV|Fire Safety|Jogging Track|Club House|Power Backup|Lift|Swimming Pool,10,14805412,1.4,7.6,2.9,6.3,4.55,4.43,6.28,5.36,0
1706,Ahmedabad,Bodakdev,Plot,0,1654,2,0,17,CCTV|Club House|Lift|Power Backup|Jogging Track|Gym|Intercom,7,9240789,0.9,8.9,7.5,5.7,5.75,3.04,5.39,4.21,0
1707,Mumbai,Borivali,Apartment,1,755,1,12,6,Intercom|Gym|Play Area|Club House|Fire Safety,5,12039344,1.8,3.7,7.0,9.1,5.4,2.59,14.3,8.45,0
1708,Hyderabad,Madhapur,Apartment,2,1053,2,6,18,CCTV|Gym|Visitor Parking|Club House|Security|Swimming Pool|Lift|Jogging Track|Intercom|Parking,10,10560644,9.9,8.3,3.7,8.4,7.58,2.27,2.98,2.62,0
1709,Hyderabad,Jubilee Hills,Independent House,4,1896,4,18,22,Play Area|Lift|Security|Fire Safety|Visitor Parking|Club House|Gym|Jogging Track|Intercom|Garden|Parking|Power Backup|Swimming Pool,13,16713595,0.1,6.9,0.4,7.7,3.78,2.77,10.65,6.71,0
1710,Delhi,Dwarka,Apartment,2,1261,2,25,15,Parking,1,14753891,1.7,7.4,9.6,7.2,6.47,6.17,4.99,5.58,0
1711,Chennai,Velachery,Commercial,0,1371,1,24,3,Fire Safety|Security|Swimming Pool|Intercom|Power Backup|Visitor Parking,6,11037635,10.0,4.7,1.1,2.3,4.52,7.0,3.58,5.29,0
1712,Delhi,Rohini,Plot,0,3838,2,0,23,Power Backup|CCTV,2,32303263,6.6,5.0,9.7,7.7,7.25,6.35,1.61,3.98,0
1713,Mumbai,Andheri,Independent House,3,1179,3,11,14,Play Area|Gym|Club House,3,19776852,9.5,5.1,2.3,6.3,5.8,4.02,11.1,7.56,0
1714,Mumbai,Juhu,Apartment,2,1108,2,16,9,Parking|Fire Safety|Intercom|Garden|Gym|Swimming Pool|Jogging Track|Security,8,32362942,0.2,7.2,7.2,3.2,4.45,2.23,13.62,7.92,0
1715,Hyderabad,Banjara Hills,Plot,0,828,3,0,1,Club House|Visitor Parking|CCTV|Swimming Pool|Security|Gym|Play Area|Intercom|Garden|Jogging Track|Lift|Power Backup|Parking,13,11774557,7.5,6.8,6.1,3.5,5.97,7.93,7.37,7.65,0
1716,Bangalore,Indiranagar,Commercial,0,1775,1,4,9,Jogging Track|Parking|Club House|Lift|Visitor Parking|Garden|Gym|Security|CCTV|Swimming Pool,10,26103606,4.1,8.8,8.5,9.9,7.82,2.75,9.77,6.26,0
1717,Hyderabad,Kondapur,Plot,0,4222,2,0,23,Power Backup|Club House|Fire Safety|Garden|Play Area|CCTV|Visitor Parking,7,28959917,5.3,2.5,7.1,5.7,5.15,7.69,11.21,9.45,0
1718,Surat,Katargam,Plot,0,4144,2,0,20,Security|Club House|Parking|Power Backup,4,13189421,6.5,3.0,8.3,7.7,6.38,5.74,1.71,3.73,0
1719,Hyderabad,Madhapur,Commercial,0,941,3,12,29,Club House|Parking|Power Backup|Gym|Security|Fire Safety|Visitor Parking|Jogging Track,8,6830551,6.8,7.7,6.4,5.8,6.67,6.81,3.11,4.96,0
1720,Pune,Wakad,Villa,5,2869,5,0,24,Power Backup|Garden|CCTV|Jogging Track|Intercom|Gym|Swimming Pool|Club House|Play Area|Visitor Parking|Lift|Security|Parking|Fire Safety,14,20413615,3.1,9.0,2.0,1.5,3.9,3.28,12.77,8.03,0
1721,Pune,Hadapsar,Independent House,4,1686,4,10,22,Lift|Fire Safety,2,10308089,5.6,9.0,1.5,4.2,5.08,5.19,9.66,7.43,0
1722,Bangalore,Hebbal,Commercial,0,2875,2,22,8,Fire Safety|Security|Swimming Pool|Play Area|Parking|Power Backup|Jogging Track|Club House|Gym|Intercom|Visitor Parking,11,22808452,4.8,7.7,5.9,9.9,7.07,4.17,7.17,5.67,0
1723,Surat,Vesu,Plot,0,962,2,0,30,CCTV|Garden|Visitor Parking|Swimming Pool|Jogging Track|Play Area|Parking|Intercom|Lift|Power Backup,10,3608227,9.2,1.1,9.4,9.6,7.32,3.18,9.88,6.53,0
1724,Chennai,Anna Nagar,Independent House,4,1216,4,19,28,Club House|Parking|Garden|Lift|Security|Intercom|Play Area|Power Backup|Gym,9,9200659,9.1,0.5,2.4,3.1,3.77,4.69,7.06,5.88,0
1725,Mumbai,Powai,Plot,0,1457,2,0,17,,0,28684664,9.8,6.2,7.3,0.2,5.88,4.28,13.66,8.97,0
1726,Kolkata,Ballygunge,Apartment,3,1384,3,10,11,Intercom|Visitor Parking|Club House|Jogging Track|Garden|Parking|CCTV|Power Backup|Fire Safety|Lift|Swimming Pool|Security,12,10466346,0.8,4.5,6.7,8.1,5.03,7.48,13.06,10.27,0
1727,Delhi,Dwarka,Villa,3,3790,3,0,2,Garden|Swimming Pool,2,45528851,8.0,7.8,8.6,0.1,6.12,2.08,12.3,7.19,0
1728,Surat,Adajan,Villa,5,5574,5,0,20,Garden|Visitor Parking|Play Area|Swimming Pool|CCTV|Jogging Track|Gym|Fire Safety|Intercom|Club House|Power Backup|Security|Parking,13,26102210,0.9,4.3,6.9,2.1,3.55,6.3,6.42,6.36,0
1729,Jaipur,Malviya Nagar,Plot,0,2416,3,0,15,Jogging Track|Parking|Power Backup|Lift|CCTV|Gym|Fire Safety|Swimming Pool|Play Area,9,3758801,1.8,2.0,1.4,5.4,2.65,7.84,10.8,9.32,1
1730,Delhi,Rohini,Villa,4,3665,4,0,5,Play Area|CCTV|Lift|Visitor Parking|Club House|Intercom,6,37377273,2.2,2.5,3.4,2.4,2.62,2.04,13.47,7.76,0
1731,Chennai,Velachery,Villa,3,2304,3,0,2,Garden|Jogging Track|Gym|CCTV|Club House|Swimming Pool|Power Backup,7,5668339,7.4,0.9,5.9,9.2,5.85,4.17,10.54,7.35,1
1732,Delhi,Lajpat Nagar,Independent House,3,1461,3,11,23,Power Backup|Garden|Fire Safety|Lift|Jogging Track|Visitor Parking|Security|Swimming Pool|Play Area|Club House|Gym|Parking,12,18117044,4.6,4.6,9.2,8.5,6.72,7.83,7.49,7.66,0
1733,Ahmedabad,Navrangpura,Villa,3,4958,3,0,13,,0,26726031,7.9,3.8,8.7,1.5,5.47,4.19,7.08,5.63,0
1734,Bangalore,Whitefield,Commercial,0,1053,1,3,0,Power Backup|Parking|Lift|Garden|Security|Gym,6,10412807,1.6,8.3,8.5,2.8,5.3,3.14,9.5,6.32,0
1735,Ahmedabad,Navrangpura,Plot,0,2109,2,0,21,,0,10819709,1.1,9.5,7.1,6.1,5.95,2.85,8.26,5.55,0
1736,Ahmedabad,Satellite,Plot,0,4818,1,0,30,Play Area|Parking|Garden|Fire Safety,4,23660747,6.2,6.1,6.0,5.3,5.9,4.05,6.23,5.14,0
1737,Bangalore,HSR Layout,Commercial,0,2239,1,0,14,Club House|Security|Visitor Parking|Garden|Jogging Track,5,24139773,9.0,6.3,9.0,4.8,7.28,3.68,5.77,4.72,0
1738,Pune,Kharadi,Villa,4,3675,4,0,22,CCTV|Security|Visitor Parking|Power Backup|Fire Safety|Play Area|Gym|Parking|Lift,9,32858642,3.8,1.5,3.2,5.3,3.45,4.78,13.61,9.2,0
1739,Chennai,Anna Nagar,Plot,0,3991,1,0,25,Lift|Jogging Track|Parking|Garden|Gym|Power Backup|Security|Swimming Pool|Play Area|CCTV|Visitor Parking|Club House,12,34571921,4.8,1.5,2.7,3.2,3.05,7.91,9.47,8.69,0
1740,Jaipur,Malviya Nagar,Villa,5,2786,5,0,9,Gym|Jogging Track|Security|Intercom|Play Area|Lift|Visitor Parking|Club House|Power Backup|Garden|Fire Safety,11,17798652,2.0,3.0,0.3,6.4,2.92,4.53,6.16,5.35,0
1741,Bangalore,Indiranagar,Plot,0,2085,3,0,14,Garden|Swimming Pool|Lift|Power Backup|Jogging Track|Security|Play Area|Parking|Visitor Parking|CCTV|Fire Safety|Intercom,12,23118937,1.2,8.7,5.5,3.7,4.77,3.89,11.09,7.49,0
1742,Jaipur,Vaishali Nagar,Plot,0,3453,2,0,5,CCTV|Visitor Parking|Gym|Play Area|Lift,5,16695616,7.6,0.4,5.1,7.2,5.08,6.28,7.95,7.12,0
1743,Delhi,Rohini,Villa,3,3138,3,0,30,Security|Swimming Pool|Garden|Jogging Track|Play Area|Visitor Parking|Club House|Parking|Gym|Fire Safety|Lift,11,25016580,5.2,6.4,4.0,1.5,4.28,6.94,12.4,9.67,0
1744,Ahmedabad,Satellite,Apartment,3,1232,3,7,1,Play Area|Intercom|Gym|Jogging Track|Security|Power Backup|Fire Safety|Visitor Parking|Swimming Pool|Garden,10,8738914,9.5,1.4,3.2,3.9,4.5,5.81,6.54,6.17,0
1745,Jaipur,C-Scheme,Plot,0,992,3,0,22,Club House|Intercom|Swimming Pool|Gym|Security|Play Area|CCTV|Jogging Track|Lift|Power Backup|Visitor Parking,11,5634983,0.8,8.8,5.1,8.3,5.75,4.38,3.13,3.75,0
1746,Mumbai,Thane,Commercial,0,1452,2,17,11,Club House|Parking|Security|CCTV|Lift|Garden|Jogging Track|Visitor Parking,8,21297020,3.9,6.5,4.5,4.5,4.85,7.81,10.41,9.11,0
1747,Kolkata,New Town,Villa,3,2141,3,0,12,Swimming Pool|Jogging Track|Security|Visitor Parking|CCTV|Lift|Play Area|Intercom|Parking|Garden|Power Backup|Gym,12,12957275,2.3,8.9,8.4,2.2,5.45,2.14,1.17,1.66,0
1748,Bangalore,HSR Layout,Villa,4,4983,4,0,23,Power Backup|Club House|CCTV|Parking|Fire Safety,5,44287954,6.0,8.0,6.7,9.4,7.53,2.47,2.5,2.49,0
1749,Mumbai,Bandra,Commercial,0,504,1,30,8,Gym|Lift|Power Backup|Club House|CCTV|Parking|Swimming Pool|Fire Safety|Intercom|Jogging Track|Visitor Parking|Security|Garden|Play Area,14,16288632,6.5,3.0,0.3,1.2,2.75,2.85,7.4,5.12,0
1750,Hyderabad,Banjara Hills,Apartment,4,1378,4,0,3,Jogging Track,1,15275828,8.7,5.8,5.6,2.7,5.7,6.22,7.72,6.97,0
1751,Bangalore,Whitefield,Apartment,4,1894,4,12,0,,0,18944406,8.3,4.1,9.7,5.8,6.98,2.26,1.88,2.07,0
1752,Chennai,Velachery,Plot,0,2460,2,0,0,Lift|Security|Visitor Parking|Power Backup|Gym|CCTV|Club House|Fire Safety|Garden|Jogging Track,10,18583082,7.2,7.4,2.9,0.9,4.6,4.2,12.49,8.35,0
1753,Jaipur,Malviya Nagar,Independent House,3,1564,3,17,4,Jogging Track|Play Area|Garden|Club House|Parking,5,8502588,3.7,9.8,7.7,1.5,5.67,6.04,13.45,9.74,0
1754,Jaipur,Mansarovar,Independent House,4,1288,4,19,8,Parking|Garden|Visitor Parking|Play Area|Power Backup|CCTV|Fire Safety|Gym|Intercom|Lift|Swimming Pool|Jogging Track|Security|Club House,14,7250362,5.7,9.8,7.9,8.2,7.9,4.38,12.53,8.46,0
1755,Delhi,Lajpat Nagar,Commercial,0,471,3,3,18,,0,5567419,5.5,9.4,7.4,6.8,7.28,6.73,7.85,7.29,0
1756,Pune,Baner,Commercial,0,1917,3,21,26,Security|CCTV|Garden|Club House|Swimming Pool|Fire Safety,6,19113766,4.5,8.3,9.0,1.9,5.92,2.0,12.11,7.05,0
1757,Jaipur,Vaishali Nagar,Plot,0,1982,1,0,22,Security|Visitor Parking|Club House|Lift,4,9024754,5.4,1.0,8.1,0.2,3.67,2.19,2.7,2.45,0
1758,Bangalore,Koramangala,Apartment,3,1463,3,30,3,Garden|Play Area|Club House|Gym|CCTV|Lift,6,21981598,3.7,3.0,6.2,9.2,5.53,5.81,9.31,7.56,0
1759,Ahmedabad,Bodakdev,Plot,0,3418,2,0,0,Jogging Track|Power Backup|Club House|Intercom,4,19863733,4.2,5.9,8.8,9.5,7.1,6.11,14.92,10.52,0
1760,Kolkata,Salt Lake,Plot,0,1511,2,0,8,Swimming Pool|Fire Safety|Security|Play Area|Visitor Parking|Power Backup|Club House|Garden,8,10463912,6.0,4.7,3.2,5.5,4.85,6.22,7.32,6.77,0
1761,Surat,Piplod,Apartment,1,950,1,4,18,Play Area|Visitor Parking|Gym|Intercom|Power Backup|Swimming Pool|Parking|Security|CCTV|Lift|Club House|Garden|Jogging Track,13,4232251,1.2,5.2,1.7,4.5,3.15,7.12,1.56,4.34,0
1762,Surat,Katargam,Plot,0,1698,3,0,4,Swimming Pool|Security|Power Backup|Jogging Track|Visitor Parking|Gym|Club House|Play Area|Garden|Fire Safety|CCTV|Intercom|Lift,13,7030684,3.4,6.8,8.5,2.3,5.25,4.67,10.81,7.74,0
1763,Delhi,Dwarka,Villa,3,2881,3,0,23,CCTV|Gym|Power Backup|Jogging Track|Garden|Club House|Visitor Parking|Fire Safety|Lift,9,34959009,3.7,5.4,4.2,0.3,3.4,4.62,10.83,7.72,0
1764,Delhi,Dwarka,Apartment,3,1366,3,15,12,Security|Parking|Swimming Pool|Gym|Visitor Parking|Jogging Track|CCTV|Garden,8,15459234,6.6,5.5,5.6,4.8,5.62,7.83,10.19,9.01,0
1765,Surat,Piplod,Apartment,1,718,1,6,4,Parking|Jogging Track|Visitor Parking|Club House,4,1183532,0.6,7.9,1.1,6.7,4.08,5.51,1.12,3.31,1
1766,Bangalore,HSR Layout,Villa,4,3549,4,0,6,Power Backup|Fire Safety|Visitor Parking|Security|Swimming Pool|Parking|Club House|Lift|Garden|Jogging Track,10,40519816,0.7,6.7,8.6,1.5,4.38,6.56,7.69,7.12,0
1767,Delhi,Lajpat Nagar,Villa,3,5187,3,0,26,Garden|Security|Lift|Club House|Gym|Play Area|CCTV|Intercom|Parking|Visitor Parking,10,65682234,6.7,9.3,3.9,6.1,6.5,7.2,11.48,9.34,0
1768,Bangalore,Indiranagar,Commercial,0,2387,2,20,27,Play Area|Parking|Security|CCTV|Intercom|Lift|Power Backup|Club House|Gym|Jogging Track|Garden|Swimming Pool,12,30079138,0.8,8.9,1.5,6.4,4.4,4.22,6.51,5.37,0
1769,Ahmedabad,Prahlad Nagar,Independent House,3,1315,3,27,30,Intercom|Power Backup|Club House|CCTV|Fire Safety|Parking|Visitor Parking,7,6548732,6.9,9.8,5.3,6.2,7.05,2.38,9.81,6.1,0
1770,Chennai,Velachery,Commercial,0,2403,1,10,29,Garden|Security|CCTV|Visitor Parking|Fire Safety|Lift|Play Area|Club House|Parking|Intercom|Power Backup|Swimming Pool|Jogging Track|Gym,14,17147926,1.9,6.1,7.9,8.0,5.97,6.13,3.66,4.89,0
1771,Pune,Hadapsar,Commercial,0,1615,1,25,14,Intercom|Parking|Swimming Pool|Lift|Security|CCTV|Garden|Jogging Track|Power Backup,9,11997136,3.7,3.9,7.2,9.3,6.03,4.75,5.78,5.27,0
1772,Chennai,Adyar,Apartment,3,1127,3,30,12,Intercom|Club House|Gym|Swimming Pool|Security|Lift|Power Backup|CCTV|Fire Safety|Garden|Parking|Visitor Parking|Play Area,13,11237737,0.5,4.3,9.8,6.0,5.15,4.86,6.42,5.64,0
1773,Delhi,Rohini,Villa,3,4760,3,0,24,Gym|Fire Safety|Swimming Pool|Lift|Jogging Track|Intercom|Play Area|CCTV|Visitor Parking|Security|Club House|Garden,12,45972345,5.7,0.1,3.4,6.2,3.85,3.66,7.02,5.34,0
1774,Hyderabad,Gachibowli,Commercial,0,2772,3,24,8,Intercom|Garden|Security|Parking|Gym|Fire Safety|Visitor Parking|Club House|Swimming Pool|Power Backup|Jogging Track|CCTV|Play Area|Lift,14,28201248,7.4,9.8,2.7,4.9,6.2,2.57,12.84,7.71,0
1775,Hyderabad,Gachibowli,Plot,0,2156,1,0,29,Lift|Swimming Pool|Gym,3,14896030,3.1,5.8,6.0,3.9,4.7,3.28,2.41,2.84,0
1776,Delhi,Saket,Plot,0,4425,1,0,23,Club House|CCTV|Fire Safety|Gym|Intercom|Lift|Security|Garden|Power Backup|Jogging Track|Parking|Swimming Pool|Play Area|Visitor Parking,14,57058368,3.9,4.4,2.1,1.4,2.95,2.46,12.72,7.59,0
1777,Kolkata,New Town,Plot,0,2496,1,0,10,Club House|Lift|Security|Visitor Parking|Jogging Track,5,13440141,8.8,9.6,6.9,5.6,7.72,5.87,1.91,3.89,0
1778,Mumbai,Juhu,Commercial,0,1713,2,12,0,Club House|Jogging Track|Power Backup|Fire Safety|Swimming Pool|Play Area|Lift,7,51742530,2.7,9.1,2.6,1.6,4.0,3.31,9.2,6.25,0
1779,Jaipur,Ajmer Road,Commercial,0,1101,1,12,11,,0,4383247,0.9,9.2,0.9,7.0,4.5,2.3,2.11,2.21,0
1780,Chennai,Porur,Villa,4,2960,4,0,27,Lift|Parking|Security|Club House|Fire Safety|Visitor Parking,6,16829241,2.3,0.9,0.5,6.5,2.55,6.71,14.35,10.53,0
1781,Bangalore,HSR Layout,Commercial,0,2226,2,28,5,Gym|Visitor Parking|Security,3,25846535,0.8,7.7,2.7,7.8,4.75,5.2,11.91,8.55,0
1782,Jaipur,C-Scheme,Villa,3,3330,3,0,7,Gym|Garden|Parking|Lift|Intercom|Fire Safety|CCTV|Security|Swimming Pool|Visitor Parking|Power Backup|Play Area,12,19517359,1.3,8.6,8.3,5.7,5.98,3.68,4.44,4.06,0
1783,Bangalore,Koramangala,Villa,3,2146,3,0,2,Parking|Gym|Lift|Power Backup|Intercom|Play Area,6,33077804,4.0,5.4,4.0,5.3,4.67,7.77,14.21,10.99,0
1784,Pune,Hadapsar,Commercial,0,1959,2,16,29,Parking|Intercom|Power Backup|Fire Safety|Gym|Security,6,11597702,9.9,8.4,1.2,9.0,7.12,4.3,5.19,4.75,0
1785,Mumbai,Powai,Plot,0,2427,1,0,6,Visitor Parking|Play Area|Parking|Power Backup|CCTV|Jogging Track,6,59121513,3.0,2.4,0.2,2.3,1.98,4.63,7.81,6.22,0
1786,Ahmedabad,Navrangpura,Independent House,2,1037,2,4,13,,0,5881173,1.5,6.4,1.0,3.7,3.15,4.1,13.73,8.91,0
1787,Kolkata,Salt Lake,Commercial,0,1504,2,26,16,Power Backup|Gym|Fire Safety|Swimming Pool|Garden|CCTV|Security|Parking,8,9606002,1.7,9.9,1.5,7.1,5.05,3.62,1.35,2.49,0
1788,Hyderabad,Jubilee Hills,Independent House,1,829,1,12,10,CCTV|Power Backup|Garden|Fire Safety|Jogging Track|Lift|Play Area|Gym|Intercom|Visitor Parking|Club House|Swimming Pool,12,10395941,4.3,5.1,6.7,5.5,5.4,6.49,8.08,7.29,0
1789,Bangalore,Indiranagar,Independent House,4,1949,4,23,20,Parking|Fire Safety|Security|Swimming Pool,4,21768287,2.8,2.2,0.4,0.1,1.38,2.8,6.86,4.83,0
1790,Hyderabad,Kondapur,Villa,4,3890,4,0,29,Gym|Swimming Pool|Parking,3,20350725,2.7,4.8,0.7,4.7,3.22,7.89,13.95,10.92,0
1791,Ahmedabad,Bodakdev,Apartment,4,1550,4,19,23,Fire Safety|Power Backup|Lift|CCTV|Intercom,5,7777475,9.0,7.4,6.3,3.3,6.5,2.93,10.55,6.74,0
1792,Surat,Althan,Independent House,2,915,2,26,0,Power Backup|Lift|Garden|Intercom|Visitor Parking|Fire Safety,6,4555388,9.9,0.5,5.9,8.0,6.08,3.55,12.54,8.04,0
1793,Jaipur,Malviya Nagar,Villa,3,5603,3,0,28,Swimming Pool|Jogging Track,2,24594824,3.6,7.4,4.2,3.3,4.62,2.49,3.27,2.88,0
1794,Ahmedabad,Bodakdev,Independent House,1,823,1,12,26,Parking|Club House|Power Backup|Gym|Garden|CCTV,6,3477741,2.4,8.8,4.9,9.6,6.43,5.53,6.67,6.1,0
1795,Hyderabad,Madhapur,Villa,5,3150,5,0,10,CCTV|Garden,2,25755723,8.5,1.0,0.8,7.4,4.43,2.9,7.0,4.95,0
1796,Delhi,Rohini,Apartment,1,841,1,5,1,Lift|Garden,2,9944556,9.2,7.0,6.7,0.9,5.95,2.99,5.34,4.17,0
1797,Delhi,Dwarka,Commercial,0,637,1,19,0,Security|Visitor Parking|Parking|Club House|Power Backup|Swimming Pool|Lift|CCTV|Jogging Track|Play Area|Gym|Garden|Intercom,13,8610385,4.6,8.5,1.6,7.8,5.62,5.09,7.95,6.52,0
1798,Hyderabad,Madhapur,Apartment,4,1546,4,21,5,Power Backup|Visitor Parking|Fire Safety|Garden|Intercom|Lift|CCTV|Play Area|Club House|Security|Jogging Track,11,16761601,2.4,9.8,3.1,3.3,4.65,3.44,3.08,3.26,0
1799,Bangalore,Koramangala,Apartment,1,900,1,28,3,Swimming Pool|Power Backup,2,12851673,7.2,2.8,3.3,3.2,4.12,3.44,7.74,5.59,0
1800,Kolkata,Salt Lake,Commercial,0,2707,2,29,22,Power Backup|Play Area|Gym,3,14387873,3.9,3.5,0.5,8.4,4.08,6.82,6.45,6.63,0
1801,Ahmedabad,Navrangpura,Plot,0,3450,2,0,4,Garden|Jogging Track|Visitor Parking|Club House|Fire Safety|Parking|Gym|Play Area|Swimming Pool|Intercom|Security|Power Backup|CCTV,13,24140918,3.3,0.4,1.4,5.1,2.55,4.97,4.89,4.93,0
1802,Hyderabad,Gachibowli,Plot,0,1114,1,0,20,Jogging Track|Garden|CCTV|Visitor Parking|Play Area,5,2422246,4.8,8.2,5.0,2.1,5.03,4.0,10.22,7.11,1
1803,Jaipur,C-Scheme,Commercial,0,1900,3,18,19,CCTV|Security|Club House|Gym|Power Backup|Intercom|Lift|Fire Safety|Visitor Parking|Play Area|Parking|Swimming Pool|Jogging Track|Garden,14,11138092,9.7,0.6,8.3,4.2,5.7,4.78,13.38,9.08,0
1804,Surat,Vesu,Independent House,2,1030,2,8,9,Play Area|Gym|Security|Fire Safety|CCTV|Lift|Club House|Parking|Visitor Parking|Intercom|Swimming Pool|Garden|Power Backup|Jogging Track,14,5618372,0.0,0.5,0.8,8.0,2.33,5.21,13.59,9.4,0
1805,Kolkata,Salt Lake,Commercial,0,2921,2,24,19,Gym|Power Backup|CCTV|Security|Intercom|Jogging Track|Lift|Club House|Fire Safety|Swimming Pool,10,16580156,3.9,7.3,1.8,6.6,4.9,2.09,7.01,4.55,0
1806,Pune,Kharadi,Plot,0,969,1,0,4,Jogging Track|Fire Safety|Lift|Parking|Visitor Parking|CCTV|Club House|Swimming Pool|Security|Power Backup|Intercom|Garden|Gym|Play Area,14,10083879,5.4,5.5,0.7,9.8,5.35,7.24,12.94,10.09,0
1807,Mumbai,Andheri,Apartment,3,1183,3,3,24,Garden|Swimming Pool|Intercom|Jogging Track|Power Backup|Play Area|Visitor Parking,7,19386402,6.1,7.9,3.6,0.9,4.62,3.06,12.29,7.67,0
1808,Jaipur,C-Scheme,Apartment,1,632,1,5,4,Parking|Intercom|Jogging Track|Visitor Parking|Security,5,3859737,9.2,6.3,0.3,8.5,6.08,6.76,7.05,6.9,0
1809,Jaipur,Mansarovar,Villa,3,3357,3,0,19,Power Backup|Visitor Parking|CCTV|Swimming Pool|Security|Fire Safety|Intercom|Jogging Track|Parking|Garden,10,16293285,0.4,4.5,0.0,3.6,2.12,7.93,14.07,11.0,0
1810,Pune,Wakad,Apartment,3,1474,3,2,4,Swimming Pool|CCTV|Intercom|Jogging Track|Fire Safety|Parking|Power Backup|Security|Lift|Garden|Play Area|Gym|Club House,13,12247597,6.4,2.5,5.4,4.3,4.65,2.23,2.49,2.36,0
1811,Chennai,T Nagar,Independent House,4,1356,4,8,10,Club House|Swimming Pool|Intercom|Garden|Visitor Parking|Power Backup|Lift|Play Area|Parking|Security|Gym|Jogging Track|CCTV,13,13312667,7.1,8.7,9.3,6.0,7.78,7.11,6.08,6.6,0
1812,Delhi,Vasant Kunj,Independent House,3,1126,3,5,18,CCTV|Visitor Parking|Swimming Pool,3,16516154,2.8,8.4,5.5,5.4,5.53,7.16,12.36,9.76,0
1813,Jaipur,Ajmer Road,Commercial,0,1517,3,21,9,Club House,1,7000530,0.4,9.2,4.2,6.6,5.1,3.61,1.73,2.67,0
1814,Delhi,Dwarka,Commercial,0,316,1,28,15,,0,3273882,3.6,5.4,2.6,5.9,4.38,5.37,12.12,8.74,0
1815,Delhi,Vasant Kunj,Villa,3,2650,3,0,20,Gym|Power Backup|Security|Parking|Play Area|Intercom|Jogging Track|Visitor Parking|Fire Safety|Lift|CCTV|Club House,12,46267216,7.8,1.9,5.5,0.6,3.95,3.27,10.34,6.8,0
1816,Hyderabad,Jubilee Hills,Independent House,3,1139,3,12,18,CCTV|Lift|Visitor Parking|Security|Fire Safety|Swimming Pool,6,10468321,2.5,6.1,0.0,1.1,2.42,5.54,11.45,8.49,0
1817,Bangalore,Hebbal,Villa,5,2782,5,0,30,Security|Parking|Jogging Track|Gym|Fire Safety|CCTV|Play Area|Garden|Power Backup|Intercom,10,19691142,2.2,9.6,5.7,6.5,6.0,6.3,12.62,9.46,0
1818,Mumbai,Juhu,Apartment,3,1211,3,14,4,Jogging Track|Play Area,2,36581930,8.7,3.3,4.1,6.6,5.68,6.08,7.21,6.64,0
1819,Hyderabad,Gachibowli,Villa,4,4693,4,0,6,Play Area|Fire Safety|Security|Power Backup|Visitor Parking|Lift|Club House|Gym|Parking|CCTV|Jogging Track|Swimming Pool|Intercom,13,45159469,8.9,0.6,4.6,2.9,4.25,4.48,13.34,8.91,0
1820,Bangalore,HSR Layout,Independent House,2,1018,2,24,0,Visitor Parking|Fire Safety|Intercom|Swimming Pool|CCTV|Power Backup|Garden,7,13830649,2.2,2.0,8.6,8.4,5.3,7.78,4.77,6.28,0
1821,Ahmedabad,Satellite,Plot,0,1893,1,0,24,Play Area|Power Backup|Club House,3,9233361,9.5,5.1,9.3,1.1,6.25,6.33,8.31,7.32,0
1822,Delhi,Vasant Kunj,Commercial,0,1570,3,12,0,CCTV,1,31760715,1.1,9.0,2.5,2.4,3.75,7.75,14.04,10.89,0
1823,Surat,Althan,Commercial,0,1049,3,15,16,,0,4819656,0.2,7.7,7.7,4.2,4.95,4.05,7.73,5.89,0
1824,Bangalore,Koramangala,Independent House,4,1457,4,22,25,CCTV|Security|Play Area|Club House,4,15889995,9.6,5.7,3.6,3.8,5.68,5.75,13.46,9.61,0
1825,Pune,Hinjewadi,Independent House,3,1482,3,24,7,Garden|Power Backup|Security|Club House|Intercom|Gym|Swimming Pool|CCTV,8,13995828,1.4,4.1,0.4,4.7,2.65,5.21,11.34,8.28,0
1826,Delhi,Lajpat Nagar,Plot,0,1911,1,0,23,Security|Garden|Swimming Pool,3,26392635,0.1,5.9,1.2,2.8,2.5,5.53,7.3,6.42,0
1827,Hyderabad,Banjara Hills,Independent House,2,1113,2,3,2,Lift|Visitor Parking|CCTV|Intercom|Security|Gym|Power Backup|Garden|Parking|Fire Safety|Swimming Pool|Club House,12,17544010,7.3,9.3,4.9,9.9,7.85,6.77,13.42,10.09,0
1828,Delhi,Dwarka,Commercial,0,2687,1,29,18,Gym|Club House|Jogging Track|Garden,4,26347487,7.5,5.6,1.6,7.4,5.53,7.88,9.0,8.44,0
1829,Chennai,T Nagar,Villa,3,3718,3,0,23,,0,27112926,2.0,2.1,1.3,4.6,2.5,5.97,4.16,5.06,0
1830,Bangalore,Koramangala,Apartment,2,987,2,20,24,Visitor Parking|Lift|Play Area|Club House|Parking|Swimming Pool|CCTV|Security|Jogging Track|Gym|Intercom|Garden|Fire Safety|Power Backup,14,12036378,8.9,1.1,7.6,2.1,4.93,2.92,2.52,2.72,0
1831,Hyderabad,Gachibowli,Independent House,3,1463,3,5,26,Intercom|Play Area|CCTV|Security|Power Backup|Club House|Parking|Lift|Visitor Parking,9,9478202,2.6,2.1,7.3,7.7,4.92,2.12,6.68,4.4,0
1832,Kolkata,Alipore,Plot,0,1545,3,0,3,Jogging Track|Parking|Gym|Security|Intercom|Swimming Pool|Power Backup|Play Area|Garden|Lift|CCTV|Fire Safety,12,12829841,5.4,2.3,1.3,9.1,4.53,5.05,9.5,7.28,0
1833,Delhi,Rohini,Commercial,0,2562,1,10,16,Swimming Pool|Lift|Visitor Parking|Garden|Intercom|Parking|CCTV|Gym,8,23085396,8.5,2.1,8.0,2.2,5.2,5.82,8.25,7.04,0
1834,Surat,Piplod,Apartment,4,1938,4,20,17,Jogging Track,1,7685167,4.6,6.8,9.9,3.4,6.17,2.2,1.16,1.68,0
1835,Mumbai,Thane,Apartment,1,642,1,10,5,Jogging Track|Visitor Parking|Play Area|CCTV|Swimming Pool|Fire Safety|Security|Power Backup|Gym|Club House|Parking|Garden,12,11035319,7.5,6.0,7.2,9.9,7.65,3.88,10.41,7.14,0
1836,Jaipur,C-Scheme,Independent House,3,1163,3,2,17,Parking|CCTV|Play Area|Visitor Parking|Intercom|Power Backup|Lift|Security|Jogging Track|Gym|Swimming Pool|Garden|Club House,13,7000658,7.9,3.1,4.7,5.1,5.2,4.8,1.62,3.21,0
1837,Mumbai,Bandra,Independent House,2,993,2,11,20,Swimming Pool|Garden|Jogging Track|Intercom|Lift,5,30377730,4.1,5.6,2.4,1.5,3.4,3.62,4.19,3.91,0
1838,Pune,Baner,Apartment,3,1317,3,26,5,CCTV|Club House|Jogging Track|Gym|Intercom|Play Area|Power Backup|Fire Safety|Security|Swimming Pool|Lift|Garden,12,13538379,6.1,4.6,3.6,10.0,6.07,6.63,11.9,9.27,0
1839,Jaipur,Malviya Nagar,Villa,3,2297,3,0,8,Gym|Swimming Pool|Club House|Lift|Intercom|Visitor Parking|Fire Safety|Parking|Garden|Jogging Track|CCTV|Play Area,12,14936258,5.0,9.3,5.2,3.8,5.83,6.58,8.4,7.49,0
1840,Delhi,Saket,Independent House,2,879,2,21,2,Jogging Track|Club House,2,14508592,3.0,1.7,5.7,6.7,4.28,6.38,6.71,6.54,0
1841,Bangalore,Koramangala,Villa,4,2869,4,0,11,Jogging Track|Intercom|Club House|Security|Swimming Pool|Lift|Visitor Parking|Gym|Play Area|Fire Safety|Garden,11,40652201,9.8,3.9,3.5,7.5,6.18,6.55,13.13,9.84,0
1842,Mumbai,Andheri,Plot,0,2676,3,0,21,Garden|Intercom|Play Area|Parking|Lift,5,46323604,8.7,7.3,6.7,4.7,6.85,3.85,12.09,7.97,0
1843,Chennai,Adyar,Commercial,0,2472,3,29,29,,0,16773530,7.3,3.7,5.6,5.0,5.4,3.07,14.75,8.91,0
1844,Pune,Kharadi,Plot,0,1304,3,0,22,Gym|Lift|Play Area|Jogging Track|Fire Safety,5,10731321,2.9,2.0,2.2,9.7,4.2,6.94,3.72,5.33,0
1845,Jaipur,C-Scheme,Commercial,0,1590,3,3,12,Security|Visitor Parking|Parking|Swimming Pool|Play Area|CCTV|Power Backup|Lift|Fire Safety|Gym|Club House,11,9914898,2.0,5.9,6.3,2.0,4.05,3.3,6.67,4.98,0
1846,Pune,Kharadi,Apartment,4,1235,4,23,2,Visitor Parking,1,12387968,5.0,7.6,3.3,3.9,4.95,4.77,8.01,6.39,0
1847,Kolkata,Alipore,Commercial,0,334,1,29,5,Fire Safety|Gym|Visitor Parking,3,2758629,3.3,4.2,5.5,8.4,5.35,5.14,1.18,3.16,0
1848,Kolkata,Park Street,Plot,0,4874,2,0,23,Fire Safety|CCTV|Swimming Pool|Club House,4,33388795,8.8,6.8,3.9,6.1,6.4,4.07,13.4,8.73,0
1849,Delhi,Vasant Kunj,Commercial,0,590,1,27,16,Visitor Parking|CCTV|Lift|Swimming Pool|Intercom|Jogging Track|Security|Play Area|Power Backup|Fire Safety,10,9312234,8.4,5.9,7.6,4.1,6.5,3.02,11.12,7.07,0
1850,Hyderabad,Jubilee Hills,Commercial,0,2371,1,2,7,Lift|Garden|Visitor Parking|Club House|Swimming Pool|CCTV|Fire Safety,7,27109873,7.0,8.6,2.9,5.2,5.92,4.44,11.46,7.95,0
1851,Pune,Hinjewadi,Independent House,2,1052,2,29,12,Club House|Visitor Parking|Jogging Track|Gym|Intercom|Swimming Pool,6,9090765,1.3,7.8,0.2,0.4,2.42,3.16,14.86,9.01,0
1852,Jaipur,Malviya Nagar,Independent House,4,1607,4,28,19,Fire Safety,1,7349146,0.3,1.5,4.6,3.2,2.4,6.47,2.4,4.43,0
1853,Bangalore,Whitefield,Independent House,3,1364,3,1,26,Intercom|Fire Safety|Parking|Club House|CCTV|Swimming Pool,6,10965944,8.5,4.2,5.6,9.0,6.82,5.73,14.77,10.25,0
1854,Chennai,Velachery,Apartment,1,723,1,9,28,Gym|Visitor Parking|Intercom|Power Backup|Security|Garden|Lift|Swimming Pool,8,4740753,6.7,5.5,8.9,1.4,5.62,2.28,4.27,3.27,0
1855,Pune,Hadapsar,Apartment,1,652,1,21,11,Jogging Track|Fire Safety|Gym|CCTV|Visitor Parking|Intercom|Garden,7,5185941,5.8,0.6,2.9,5.7,3.75,7.61,11.01,9.31,0
1856,Ahmedabad,Prahlad Nagar,Commercial,0,978,2,24,19,CCTV|Fire Safety|Play Area|Club House|Visitor Parking|Jogging Track|Lift|Intercom|Power Backup|Garden|Security,11,5874191,5.2,1.5,7.8,5.8,5.08,5.82,8.96,7.39,0
1857,Bangalore,HSR Layout,Commercial,0,721,2,0,24,Lift|CCTV|Visitor Parking|Security|Parking|Play Area|Swimming Pool|Power Backup,8,6462962,8.1,2.2,7.8,7.8,6.48,4.58,8.89,6.74,0
1858,Mumbai,Juhu,Commercial,0,394,3,15,4,Play Area|Swimming Pool|Power Backup|Club House|Gym|Jogging Track,6,11982381,2.2,5.6,9.9,2.3,5.0,5.64,5.56,5.6,0
1859,Surat,Katargam,Villa,5,2934,5,0,21,Intercom|Visitor Parking|Gym|Lift|Jogging Track|Garden|Club House|Fire Safety|CCTV|Swimming Pool|Security|Play Area|Power Backup|Parking,14,9546868,7.6,5.4,1.5,6.6,5.28,2.56,8.71,5.64,0
1860,Surat,Piplod,Independent House,4,1845,4,2,29,Security|Gym|Intercom|Power Backup|Club House|Swimming Pool|Parking|CCTV|Jogging Track|Lift|Play Area|Fire Safety|Garden,13,7838182,7.5,2.5,1.9,2.7,3.65,5.25,4.37,4.81,0
1861,Chennai,Adyar,Independent House,1,615,1,26,30,Power Backup|Visitor Parking,2,4685502,0.1,8.5,4.3,3.9,4.2,7.31,1.88,4.59,0
1862,Mumbai,Bandra,Plot,0,4927,1,0,2,Play Area,1,138846728,6.1,8.2,8.2,0.3,5.7,7.67,6.25,6.96,0
1863,Mumbai,Borivali,Independent House,1,750,1,20,19,Fire Safety,1,12411645,0.5,4.1,1.8,6.3,3.17,3.18,9.15,6.17,0
1864,Ahmedabad,Navrangpura,Villa,3,4817,3,0,7,Lift|Fire Safety|Gym|Power Backup|Play Area|CCTV|Visitor Parking|Security|Swimming Pool|Jogging Track,10,33814606,4.5,1.4,4.0,8.6,4.62,6.03,9.35,7.69,0
1865,Pune,Hinjewadi,Commercial,0,677,3,27,15,Play Area|Power Backup|Club House|Gym|Parking|Swimming Pool|Lift|Fire Safety|Security|Visitor Parking|CCTV,11,5922500,2.0,2.0,2.3,9.4,3.92,7.73,5.4,6.57,0
1866,Bangalore,Whitefield,Independent House,4,1311,4,14,17,Swimming Pool|Power Backup|Gym|Security|Parking|Fire Safety|Intercom|Lift|Visitor Parking|Jogging Track|Play Area|Club House|CCTV|Garden,14,12981531,5.1,6.7,1.3,5.0,4.53,5.44,5.83,5.63,0
1867,Delhi,Rohini,Villa,4,2408,4,0,28,Intercom|Lift|Visitor Parking|Jogging Track|CCTV|Gym|Parking|Club House|Play Area|Power Backup,10,21068107,8.6,2.9,0.4,8.2,5.03,4.59,4.99,4.79,0
1868,Mumbai,Andheri,Plot,0,2478,3,0,8,Swimming Pool|Club House|Power Backup|Intercom|Fire Safety|Parking|Jogging Track|Garden|Security|Lift|CCTV|Gym|Play Area,13,15711639,1.6,0.9,4.9,8.2,3.9,5.22,3.55,4.38,1
1869,Hyderabad,Madhapur,Commercial,0,2019,1,18,17,Jogging Track|Power Backup|Fire Safety|Play Area|CCTV,5,18059517,7.6,8.7,2.3,8.2,6.7,3.46,2.61,3.04,0
1870,Jaipur,Malviya Nagar,Commercial,0,1604,2,0,10,CCTV|Visitor Parking|Power Backup,3,10097257,0.2,7.9,5.9,7.2,5.3,4.57,10.53,7.55,0
1871,Delhi,Saket,Plot,0,1300,2,0,27,Security|Club House|Intercom|Parking|Gym|Garden|CCTV,7,16817737,1.4,6.6,1.7,2.2,2.97,4.1,10.43,7.26,0
1872,Delhi,Saket,Independent House,1,771,1,17,14,Swimming Pool|Play Area|Lift|Club House|CCTV|Parking|Fire Safety|Jogging Track|Garden|Power Backup|Gym|Intercom|Security|Visitor Parking,14,11887923,9.7,7.5,9.5,5.6,8.07,5.21,10.55,7.88,0
1873,Hyderabad,Kondapur,Commercial,0,2794,3,9,25,Fire Safety|Gym|Parking|Jogging Track|Visitor Parking|Garden|CCTV|Lift,8,16610653,2.3,8.4,4.3,7.2,5.55,6.3,4.51,5.4,0
1874,Chennai,T Nagar,Independent House,3,1624,3,16,17,Swimming Pool|Play Area|Fire Safety|Lift|Garden|Power Backup|Intercom|Club House|Gym|Security,10,13680910,9.2,2.4,5.4,4.5,5.38,4.87,8.55,6.71,0
1875,Bangalore,Koramangala,Commercial,0,2151,2,12,24,CCTV,1,23712938,6.3,9.7,4.9,5.3,6.55,4.31,3.1,3.71,0
1876,Surat,Althan,Plot,0,4943,2,0,22,Parking|Fire Safety|Garden|Intercom|CCTV|Security|Power Backup|Jogging Track|Gym|Lift|Visitor Parking|Play Area|Club House,13,23017934,1.9,6.3,2.4,0.5,2.77,3.62,1.42,2.52,0
1877,Pune,Wakad,Plot,0,3518,3,0,14,Gym|Fire Safety|Play Area|Swimming Pool|Parking|Lift|CCTV|Club House|Garden,9,26080031,3.7,2.5,9.3,3.9,4.85,5.56,3.75,4.65,0
1878,Pune,Hadapsar,Independent House,2,1126,2,7,20,Play Area|Intercom,2,7014491,8.5,7.9,8.3,2.2,6.72,7.64,8.65,8.14,0
1879,Surat,Adajan,Independent House,4,1368,4,8,2,Play Area|Garden|Parking|Intercom|Visitor Parking|Power Backup|Jogging Track|Fire Safety|Security|Swimming Pool,10,7422742,1.7,9.5,2.2,6.9,5.07,4.06,9.51,6.79,0
1880,Pune,Hinjewadi,Villa,5,2670,5,0,17,Club House|Garden|Visitor Parking|Gym|Power Backup|Intercom|Lift|Security|CCTV|Parking|Play Area,11,26263911,7.6,7.7,2.9,2.6,5.2,2.05,5.29,3.67,0
1881,Surat,Adajan,Commercial,0,2663,1,29,26,Power Backup,1,12059106,1.6,2.0,8.3,3.3,3.8,3.42,12.11,7.76,0
1882,Delhi,Vasant Kunj,Villa,4,4319,4,0,2,Lift|Power Backup|Swimming Pool|Garden|Play Area,5,76599105,2.2,1.7,6.2,2.1,3.05,4.52,11.19,7.85,0
1883,Jaipur,Vaishali Nagar,Villa,4,5464,4,0,27,Gym|Fire Safety|CCTV|Lift|Parking,5,21730507,6.4,1.1,9.5,7.9,6.22,2.21,5.95,4.08,0
1884,Ahmedabad,Navrangpura,Commercial,0,2467,1,22,18,Power Backup|Intercom|Gym|CCTV|Parking|Fire Safety|Jogging Track|Play Area,8,14203654,2.4,5.1,5.6,7.7,5.2,4.41,13.46,8.94,0
1885,Pune,Hadapsar,Plot,0,4208,1,0,30,Fire Safety|Visitor Parking|CCTV|Intercom|Club House,5,24462005,4.5,4.4,3.0,1.7,3.4,4.96,5.73,5.35,0
1886,Pune,Baner,Commercial,0,2889,2,23,18,Garden|Visitor Parking|Fire Safety|CCTV|Lift|Parking,6,30262080,3.0,6.1,1.2,0.8,2.77,6.16,14.8,10.48,0
1887,Mumbai,Andheri,Apartment,1,621,1,4,25,Garden|Play Area|Security|CCTV,4,10038747,2.3,9.6,1.3,8.8,5.5,7.3,12.58,9.94,0
1888,Pune,Baner,Apartment,2,802,2,10,10,Gym|Intercom|Security|Play Area|Club House|Visitor Parking|Parking,7,7876330,2.8,2.8,5.2,6.2,4.25,4.31,9.68,6.99,0
1889,Ahmedabad,Satellite,Plot,0,2619,2,0,14,Play Area|Visitor Parking|Power Backup|Lift|Club House|Parking|Gym|Swimming Pool|Intercom|Fire Safety|CCTV|Security|Garden|Jogging Track,14,17478473,0.7,2.2,8.1,7.1,4.53,6.85,2.48,4.67,0
1890,Bangalore,Whitefield,Apartment,2,902,2,19,4,Fire Safety|Play Area|Gym|Visitor Parking|Lift|Swimming Pool|Jogging Track|Security|Garden|Power Backup|CCTV|Parking|Club House|Intercom,14,11606816,1.6,7.2,4.6,0.2,3.4,2.99,7.6,5.29,0
1891,Jaipur,Vaishali Nagar,Plot,0,2249,1,0,28,Power Backup|Fire Safety|Garden|Lift|Jogging Track,5,9783965,2.7,1.4,1.5,5.7,2.83,2.2,2.99,2.6,0
1892,Delhi,Lajpat Nagar,Plot,0,3932,3,0,17,Jogging Track|Swimming Pool|Club House,3,54566952,8.7,7.2,9.6,6.5,8.0,3.05,7.4,5.22,0
1893,Hyderabad,Gachibowli,Plot,0,2579,3,0,20,Parking|Gym|Garden|Fire Safety|Play Area|CCTV|Security|Jogging Track|Power Backup,9,21967150,9.6,7.3,8.0,6.6,7.88,5.51,9.97,7.74,0
1894,Hyderabad,Jubilee Hills,Commercial,0,889,1,28,5,Play Area|Garden|Jogging Track|Security|CCTV,5,11636758,5.4,3.2,9.4,2.7,5.17,2.73,11.15,6.94,0
1895,Ahmedabad,Navrangpura,Villa,3,5020,3,0,9,Gym|CCTV|Garden,3,31353107,2.5,8.1,7.7,6.1,6.1,6.35,3.53,4.94,0
1896,Ahmedabad,Thaltej,Commercial,0,2097,1,5,18,Power Backup|Swimming Pool,2,10147247,3.3,6.7,6.0,7.6,5.9,7.46,11.06,9.26,0
1897,Hyderabad,Kondapur,Independent House,2,1096,2,30,17,Intercom|Security|Parking|Jogging Track|Gym|Swimming Pool|Play Area|Club House|Power Backup|Visitor Parking|CCTV|Garden|Lift|Fire Safety,14,8441157,0.4,7.6,4.9,8.1,5.25,6.12,7.52,6.82,0
1898,Jaipur,Ajmer Road,Commercial,0,2095,2,21,6,Jogging Track|Fire Safety|Visitor Parking|Garden|Intercom|Play Area|Parking|Swimming Pool|CCTV|Lift|Security,11,9952106,8.0,9.2,7.9,8.1,8.3,2.24,1.24,1.74,0
1899,Chennai,T Nagar,Plot,0,1471,3,0,27,CCTV|Garden|Swimming Pool|Power Backup|Jogging Track|Visitor Parking|Parking|Fire Safety|Intercom|Lift|Gym|Security,12,12923985,6.4,1.7,9.3,9.4,6.7,6.5,10.3,8.4,0
1900,Delhi,Vasant Kunj,Villa,4,4070,4,0,20,Jogging Track|Intercom|Security|Gym|CCTV|Fire Safety|Play Area|Lift|Visitor Parking|Garden|Power Backup|Club House|Swimming Pool,13,61898780,9.7,1.5,0.5,1.5,3.3,2.91,3.9,3.41,0
1901,Delhi,Saket,Plot,0,4622,3,0,4,,0,76742195,7.7,6.7,1.2,3.8,4.85,2.63,13.79,8.21,0
1902,Mumbai,Bandra,Commercial,0,430,2,4,23,Play Area|Jogging Track|Intercom|Power Backup|Security,5,10909575,6.2,7.3,0.4,5.7,4.9,4.59,5.72,5.15,0
1903,Jaipur,Vaishali Nagar,Villa,4,4269,4,0,24,Swimming Pool|Parking|Lift|Visitor Parking|Fire Safety|CCTV|Jogging Track|Gym,8,18965085,6.8,6.3,1.4,3.4,4.47,2.05,10.31,6.18,0
1904,Bangalore,Whitefield,Commercial,0,1474,2,4,0,Fire Safety|CCTV|Security|Garden|Play Area|Club House|Swimming Pool|Intercom|Visitor Parking|Gym|Power Backup|Parking|Jogging Track,13,19828509,6.9,5.0,0.2,1.0,3.27,7.81,2.66,5.23,0
1905,Chennai,T Nagar,Plot,0,3741,3,0,10,Garden|Club House|Lift|Parking|Security|Gym|Jogging Track|Intercom,8,36180058,7.8,0.3,9.9,9.3,6.83,4.53,6.07,5.3,0
1906,Bangalore,Indiranagar,Villa,5,5853,5,0,8,,0,72964313,6.2,4.4,7.2,0.9,4.67,4.56,9.27,6.91,0
1907,Kolkata,New Town,Villa,3,4105,3,0,16,Swimming Pool|Garden|Visitor Parking|Lift|Parking|Gym|Security|Jogging Track|Club House|CCTV,10,20451317,0.6,0.2,3.6,9.1,3.38,7.74,8.9,8.32,0
1908,Ahmedabad,Prahlad Nagar,Plot,0,3325,3,0,2,Power Backup|CCTV|Play Area|Garden|Jogging Track,5,25379795,8.4,9.5,2.5,8.4,7.2,2.82,12.34,7.58,0
1909,Ahmedabad,Navrangpura,Apartment,1,622,1,17,1,Swimming Pool|Visitor Parking|Intercom|Fire Safety|Gym|Security|CCTV|Club House|Garden|Jogging Track|Play Area|Power Backup,12,4351724,2.8,9.4,4.9,4.2,5.33,2.26,1.18,1.72,0
1910,Delhi,Vasant Kunj,Plot,0,1679,1,0,18,,0,29070829,1.1,3.4,0.6,0.8,1.47,5.05,6.72,5.88,0
1911,Delhi,Rohini,Apartment,4,1929,4,7,10,Gym,1,18471096,2.9,9.7,9.5,4.9,6.75,3.2,6.61,4.91,0
1912,Delhi,Rohini,Apartment,1,889,1,13,5,Intercom|Fire Safety|Play Area|Garden|Power Backup,5,9745104,4.3,2.5,0.3,1.2,2.07,2.03,3.79,2.91,0
1913,Hyderabad,Jubilee Hills,Plot,0,2082,2,0,29,Fire Safety|Club House|Visitor Parking|Jogging Track,4,18816239,0.8,5.9,5.2,8.3,5.05,6.2,7.65,6.93,0
1914,Mumbai,Bandra,Independent House,4,1624,4,13,3,Garden|Play Area|CCTV|Gym,4,59779211,8.0,0.5,5.9,6.7,5.28,2.75,4.53,3.64,0
1915,Mumbai,Thane,Independent House,2,1078,2,24,30,Swimming Pool|Jogging Track|CCTV|Play Area|Lift|Gym|Garden|Fire Safety,8,13101830,7.1,3.2,1.7,2.6,3.65,5.65,1.53,3.59,0
1916,Surat,Katargam,Commercial,0,2335,2,25,19,Power Backup|Play Area|Security|Visitor Parking|Swimming Pool|Jogging Track|Fire Safety|Lift,8,7893598,1.2,4.1,6.0,7.5,4.7,2.61,13.71,8.16,0
1917,Delhi,Rohini,Villa,4,4148,4,0,30,,0,32883915,5.7,2.5,8.3,7.6,6.03,4.62,3.95,4.29,0
1918,Jaipur,Ajmer Road,Commercial,0,1484,3,18,29,CCTV,1,4860283,0.1,7.1,9.1,1.7,4.5,4.58,14.83,9.71,0
1919,Bangalore,Koramangala,Villa,4,2217,4,0,16,Fire Safety|Intercom|Parking|Swimming Pool|Play Area|Club House|Gym,7,27669212,6.6,6.6,6.3,6.6,6.53,3.56,12.89,8.22,0
1920,Jaipur,Vaishali Nagar,Villa,4,5932,4,0,28,CCTV|Power Backup|Parking|Swimming Pool|Play Area|Visitor Parking|Gym|Garden|Lift|Club House|Jogging Track|Security,12,26232335,8.2,8.5,9.7,9.3,8.93,7.36,5.26,6.31,0
1921,Bangalore,Whitefield,Apartment,4,1564,4,16,16,Security|CCTV|Power Backup|Intercom|Garden|Jogging Track|Gym|Lift|Swimming Pool|Play Area|Club House,11,17102074,0.5,4.7,4.7,0.9,2.7,7.06,12.79,9.92,0
1922,Kolkata,Alipore,Apartment,3,1609,3,12,2,Play Area|Fire Safety|Swimming Pool|Parking|Intercom|Power Backup|Lift|Club House|Jogging Track|CCTV|Security|Visitor Parking,12,13373324,1.5,7.3,3.9,9.4,5.53,6.02,12.87,9.45,0
1923,Mumbai,Powai,Apartment,3,1234,3,22,3,Visitor Parking|Swimming Pool|CCTV|Club House,4,29439574,4.3,4.9,5.5,2.5,4.3,4.93,10.44,7.68,0
1924,Jaipur,Ajmer Road,Villa,4,4891,4,0,11,Visitor Parking,1,18676224,5.8,8.6,6.6,6.4,6.85,3.09,9.96,6.53,0
1925,Surat,Piplod,Independent House,4,1592,4,17,7,Lift|CCTV|Club House|Gym|Fire Safety|Power Backup|Visitor Parking|Swimming Pool|Play Area|Security|Garden,11,9074714,3.4,3.9,1.6,9.3,4.55,5.48,4.4,4.94,0
1926,Kolkata,Park Street,Commercial,0,2539,1,0,16,Visitor Parking|Fire Safety|Security|Lift|Intercom|Club House|Jogging Track|Play Area|Gym,9,14596232,1.4,2.6,4.8,9.9,4.68,6.52,7.23,6.88,0
1927,Surat,Adajan,Plot,0,980,3,0,26,Swimming Pool,1,3526494,2.1,8.3,5.9,7.6,5.97,6.35,6.01,6.18,0
1928,Surat,Vesu,Villa,5,5137,5,0,3,Security|Power Backup|Jogging Track,3,28868417,0.0,1.9,2.5,9.2,3.4,3.93,8.15,6.04,0
1929,Kolkata,Park Street,Apartment,2,984,2,29,30,Visitor Parking|Lift|Power Backup|Parking,4,5763394,6.2,4.3,6.5,8.7,6.42,6.18,4.83,5.5,0
1930,Surat,Piplod,Plot,0,1317,2,0,24,Power Backup|Jogging Track|Swimming Pool|Intercom|Parking|Lift|Gym|Play Area|Club House|Fire Safety|Security,11,5570092,5.5,1.0,0.8,2.7,2.5,5.1,14.93,10.02,0
1931,Hyderabad,Madhapur,Commercial,0,1056,2,20,12,Intercom|Club House|CCTV|Play Area,4,9004371,8.0,2.5,9.8,4.0,6.08,5.71,7.16,6.44,0
1932,Jaipur,Mansarovar,Commercial,0,1579,3,28,27,Garden,1,6630027,2.6,3.1,6.6,1.1,3.35,5.68,11.11,8.39,0
1933,Bangalore,Koramangala,Plot,0,3759,1,0,22,Club House|Jogging Track|Gym|Garden|Swimming Pool|CCTV|Power Backup|Visitor Parking|Security|Fire Safety|Intercom|Parking|Play Area|Lift,14,42556370,2.5,9.8,6.5,1.0,4.95,5.48,5.59,5.54,0
1934,Surat,Adajan,Plot,0,4777,1,0,1,,0,19642579,6.5,3.0,1.4,5.3,4.05,5.48,3.5,4.49,0
1935,Chennai,Porur,Plot,0,3044,3,0,27,CCTV|Club House|Visitor Parking|Power Backup|Jogging Track|Gym|Garden|Fire Safety,8,17390579,1.6,8.2,9.3,3.1,5.55,7.19,7.86,7.53,0
1936,Ahmedabad,Prahlad Nagar,Commercial,0,419,3,14,25,Visitor Parking|Garden|Security|Jogging Track,4,2195854,8.1,0.3,1.3,8.6,4.58,4.22,12.19,8.21,0
1937,Kolkata,New Town,Villa,4,4556,4,0,22,Gym|Swimming Pool|Club House|Play Area,4,20532992,6.1,2.3,0.5,6.9,3.95,6.05,3.24,4.64,0
1938,Bangalore,Koramangala,Villa,3,4209,3,0,5,Visitor Parking|Power Backup|Club House|Fire Safety|Play Area|Lift|Jogging Track|Swimming Pool|Parking|Intercom|Gym|CCTV,12,68143088,0.8,2.8,9.8,0.9,3.58,7.46,12.93,10.2,0
1939,Chennai,Adyar,Commercial,0,2919,2,1,0,Intercom|Gym|Swimming Pool|Power Backup|CCTV|Fire Safety|Club House|Security|Garden|Play Area|Jogging Track|Visitor Parking,12,34996964,1.7,6.0,9.4,4.4,5.38,6.71,1.19,3.95,0
1940,Chennai,Porur,Villa,5,5146,5,0,25,Fire Safety|Parking|Play Area|Club House,4,26829239,7.3,9.2,0.5,5.3,5.58,3.37,11.64,7.51,0
1941,Ahmedabad,Prahlad Nagar,Villa,4,4632,4,0,22,Jogging Track|Club House|Intercom|Gym|Power Backup|Fire Safety|Garden|Visitor Parking|CCTV,9,24743363,9.8,9.5,1.7,1.3,5.58,6.03,10.73,8.38,0
1942,Hyderabad,Jubilee Hills,Independent House,3,1370,3,25,24,Gym|Fire Safety|Play Area|Club House,4,13901125,6.5,2.9,4.7,7.4,5.38,7.22,12.84,10.03,0
1943,Delhi,Dwarka,Villa,3,3062,3,0,29,Power Backup|Lift|Intercom|CCTV|Fire Safety|Swimming Pool|Play Area|Security|Club House|Jogging Track|Visitor Parking,11,30464225,6.5,6.8,1.7,1.7,4.17,3.15,12.66,7.91,0
1944,Jaipur,Mansarovar,Villa,3,5689,3,0,11,Gym|Play Area|Intercom|Fire Safety|Swimming Pool|Club House|Security|Jogging Track|Visitor Parking|Parking|Lift,11,27599082,1.9,3.9,9.9,9.8,6.38,3.95,8.63,6.29,0
1945,Bangalore,HSR Layout,Commercial,0,1239,2,27,7,Lift|Gym|Visitor Parking|Play Area|Swimming Pool|Intercom|CCTV|Garden|Security|Club House|Fire Safety|Parking|Power Backup|Jogging Track,14,17639450,3.5,1.7,2.5,9.2,4.22,7.73,4.66,6.2,0
1946,Kolkata,Salt Lake,Commercial,0,1161,3,28,11,Swimming Pool|Power Backup|CCTV|Jogging Track|Security|Visitor Parking|Fire Safety|Gym|Garden|Parking|Intercom,11,6921848,1.2,5.4,9.6,5.1,5.32,3.53,8.54,6.03,0
1947,Kolkata,Alipore,Commercial,0,2672,2,18,16,Visitor Parking|Parking|Jogging Track|CCTV|Gym|Lift|Garden|Security,8,17557681,1.3,4.8,2.7,4.5,3.33,2.83,6.28,4.55,0
1948,Mumbai,Bandra,Commercial,0,2513,3,30,12,Lift|Parking|Fire Safety|Visitor Parking|Security|Intercom|CCTV|Jogging Track|Power Backup|Swimming Pool|Club House,11,75129908,7.9,1.5,1.1,6.5,4.25,5.3,1.42,3.36,0
1949,Bangalore,Hebbal,Villa,3,2204,3,0,22,Intercom|Security|Parking|Jogging Track|Swimming Pool|Gym|CCTV|Fire Safety|Power Backup,9,16803063,8.9,0.2,6.9,3.9,4.97,4.6,2.6,3.6,0
1950,Mumbai,Borivali,Commercial,0,2586,3,15,22,Swimming Pool|Gym|Intercom|Fire Safety|Lift|Security,6,39235096,8.0,2.9,9.2,2.4,5.62,5.32,14.0,9.66,0
1951,Hyderabad,Banjara Hills,Commercial,0,2390,1,25,15,Club House|Visitor Parking|Intercom|Play Area,4,26417822,3.1,4.1,9.8,3.2,5.05,6.06,2.37,4.21,0
1952,Mumbai,Andheri,Apartment,4,1969,4,12,29,Gym|Garden,2,29028995,2.8,3.3,7.4,3.8,4.33,7.0,5.64,6.32,0
1953,Mumbai,Juhu,Plot,0,3994,2,0,8,Swimming Pool,1,28854534,6.5,9.2,3.0,0.9,4.9,2.54,12.77,7.65,1
1954,Hyderabad,Madhapur,Apartment,4,1754,4,10,3,CCTV|Fire Safety|Lift|Visitor Parking|Power Backup|Gym,6,19614707,0.2,7.7,7.6,4.3,4.95,5.29,5.12,5.21,0
1955,Bangalore,Indiranagar,Commercial,0,2624,3,19,12,Club House|CCTV,2,31587611,0.2,2.3,4.3,5.6,3.1,7.39,8.92,8.15,0
1956,Ahmedabad,Thaltej,Plot,0,1395,2,0,0,Visitor Parking|CCTV|Club House|Parking|Garden,5,8776210,0.8,4.5,3.8,6.9,4.0,3.42,1.31,2.37,0
1957,Delhi,Rohini,Plot,0,3736,2,0,27,Intercom|CCTV|Fire Safety|Parking|Club House|Gym|Lift|Jogging Track|Power Backup|Visitor Parking,10,33288432,9.8,5.7,9.3,9.4,8.55,6.7,6.06,6.38,0
1958,Jaipur,C-Scheme,Apartment,4,1698,4,14,9,Swimming Pool|Play Area|Jogging Track|Parking|Power Backup|Lift|Club House|Intercom|Fire Safety|Gym|CCTV,11,11200276,8.0,6.4,1.4,0.9,4.17,6.28,6.64,6.46,0
1959,Bangalore,Indiranagar,Independent House,2,883,2,4,19,Garden|Intercom|CCTV|Swimming Pool|Power Backup|Gym|Lift,7,10802420,3.7,9.2,1.1,5.5,4.88,6.09,6.22,6.15,0
1960,Mumbai,Powai,Plot,0,4943,1,0,0,CCTV|Parking|Visitor Parking|Garden|Power Backup|Gym|Intercom|Play Area|Fire Safety|Club House|Security|Lift|Swimming Pool,13,135384146,9.5,4.6,2.1,1.4,4.4,7.09,7.58,7.33,0
1961,Bangalore,Hebbal,Villa,5,4487,5,0,28,Visitor Parking|Lift|Gym|Jogging Track|Swimming Pool|Power Backup|Parking|CCTV|Garden|Intercom|Security,11,33933556,1.4,4.2,3.9,9.3,4.7,7.55,12.13,9.84,0
1962,Pune,Hinjewadi,Plot,0,1339,1,0,25,Intercom|Play Area|Jogging Track|Gym|Swimming Pool,5,11374211,3.7,0.0,1.8,4.6,2.52,6.84,14.73,10.79,0
1963,Delhi,Vasant Kunj,Villa,4,2462,4,0,23,Gym|Jogging Track|Garden|Security|Power Backup|Fire Safety|Parking|Swimming Pool|Intercom|Visitor Parking|Play Area|Lift|Club House|CCTV,14,39512167,0.0,4.8,9.1,8.3,5.55,5.92,13.28,9.6,0
1964,Surat,Katargam,Commercial,0,1640,3,9,7,Play Area|Parking|CCTV|Intercom|Power Backup|Club House|Security|Fire Safety|Jogging Track|Visitor Parking|Swimming Pool|Lift,12,6823333,9.6,7.7,4.1,7.3,7.17,7.76,12.1,9.93,0
1965,Jaipur,Malviya Nagar,Plot,0,2456,2,0,25,Swimming Pool|Security|Jogging Track|Fire Safety|Gym|Lift|Garden|CCTV,8,11554210,7.7,6.6,4.0,6.8,6.28,2.41,13.49,7.95,0
1966,Hyderabad,Madhapur,Plot,0,2897,3,0,24,Fire Safety|Security|Garden|Parking|Club House|Intercom|Gym|Visitor Parking|Play Area|Lift|CCTV|Power Backup|Swimming Pool|Jogging Track,14,27291534,5.5,9.9,10.0,8.9,8.57,7.59,8.05,7.82,0
1967,Jaipur,C-Scheme,Villa,4,3666,4,0,12,Visitor Parking|Play Area|Lift|Club House|Parking|Intercom|Gym|CCTV|Fire Safety|Power Backup|Security|Swimming Pool|Garden|Jogging Track,14,21915961,4.5,3.4,0.8,9.6,4.58,2.96,8.9,5.93,0
1968,Mumbai,Borivali,Apartment,3,1332,3,3,1,Play Area|Jogging Track|Lift|Gym|CCTV|Swimming Pool|Security,7,29056966,0.8,1.0,7.8,9.4,4.75,2.57,14.81,8.69,0
1969,Mumbai,Andheri,Independent House,3,1455,3,21,12,,0,25270473,1.8,6.3,4.1,6.2,4.6,7.52,5.41,6.46,0
1970,Chennai,Anna Nagar,Villa,3,2477,3,0,21,Parking|Power Backup,2,16084288,7.8,9.0,3.6,9.6,7.5,2.06,13.04,7.55,0
1971,Mumbai,Bandra,Independent House,1,772,1,6,27,Parking|Garden|Play Area|Jogging Track|CCTV|Lift|Power Backup|Visitor Parking|Intercom|Fire Safety|Gym,11,20475583,0.4,8.3,1.0,4.4,3.53,3.15,2.81,2.98,0
1972,Surat,Althan,Apartment,3,1604,3,21,11,Gym|Security|Play Area|Swimming Pool|Fire Safety|CCTV|Club House|Parking|Garden|Lift,10,6859584,3.0,7.2,2.0,9.0,5.3,2.71,4.88,3.79,0
1973,Bangalore,Koramangala,Villa,4,2173,4,0,16,Jogging Track|Visitor Parking|Lift|Swimming Pool|Play Area|Intercom|Fire Safety|Garden|Power Backup,9,30576991,9.6,9.9,3.4,6.2,7.27,7.35,14.44,10.89,0
1974,Pune,Baner,Villa,4,4589,4,0,4,,0,43842039,0.7,0.6,9.6,5.7,4.15,5.47,10.02,7.74,0
1975,Kolkata,Alipore,Plot,0,1281,1,0,17,Jogging Track|Power Backup|Visitor Parking|Lift|Gym|Security,6,8966058,5.0,6.9,1.3,8.9,5.53,3.31,3.71,3.51,0
1976,Chennai,Velachery,Commercial,0,1835,1,0,0,Power Backup|Fire Safety|Club House|Parking|Garden|CCTV,6,3813977,1.6,3.5,0.1,4.9,2.52,7.91,5.38,6.64,1
1977,Bangalore,Indiranagar,Villa,4,2666,4,0,14,Lift|Parking|CCTV|Gym|Visitor Parking|Jogging Track|Security|Club House,8,32218848,3.3,1.0,0.2,7.9,3.1,5.43,10.0,7.71,0
1978,Kolkata,Salt Lake,Independent House,2,802,2,20,24,Intercom|Club House|Fire Safety|Lift|Security|Gym|Parking|Jogging Track,8,3502183,3.9,2.2,1.4,9.3,4.2,3.69,10.5,7.09,0
1979,Ahmedabad,Prahlad Nagar,Commercial,0,2579,3,14,10,CCTV|Parking|Swimming Pool|Visitor Parking|Fire Safety|Club House|Lift|Jogging Track|Security|Gym|Intercom|Power Backup|Garden,13,16033476,8.8,8.0,8.8,1.4,6.75,4.22,8.29,6.25,0
1980,Delhi,Vasant Kunj,Plot,0,4595,1,0,22,Parking|Gym|Power Backup|Swimming Pool|Play Area|Garden|Fire Safety|CCTV|Intercom,9,74597833,0.1,1.9,7.0,1.7,2.67,5.88,9.51,7.7,0
1981,Bangalore,Koramangala,Independent House,1,867,1,18,29,Jogging Track|Gym|Play Area|Garden|CCTV|Swimming Pool|Club House,7,10080948,1.1,4.4,5.4,3.3,3.55,5.3,11.22,8.26,0
1982,Pune,Hadapsar,Plot,0,4653,1,0,22,Swimming Pool|Club House|Intercom|Jogging Track|Gym|CCTV|Garden|Fire Safety|Security|Lift|Visitor Parking,11,31242645,9.8,6.1,1.5,9.1,6.62,4.88,3.41,4.14,0
1983,Jaipur,C-Scheme,Independent House,3,1054,3,21,3,Parking|Fire Safety|Jogging Track|Power Backup|Visitor Parking|Gym|Intercom|Swimming Pool,8,6418148,6.2,5.4,6.3,8.4,6.58,3.37,10.27,6.82,0
1984,Bangalore,Koramangala,Independent House,1,742,1,8,15,Play Area|Security|Jogging Track|Parking,4,9409310,8.6,7.5,0.7,9.7,6.62,7.74,9.08,8.41,0
1985,Hyderabad,Banjara Hills,Villa,5,1906,5,0,4,,0,23322716,9.8,2.8,7.1,1.5,5.3,7.11,2.83,4.97,0
1986,Ahmedabad,Navrangpura,Independent House,2,1156,2,28,3,Garden|Jogging Track|Security,3,6287582,7.8,1.3,0.9,3.4,3.35,2.28,4.55,3.42,0
1987,Hyderabad,Banjara Hills,Apartment,3,1609,3,7,29,Power Backup|Fire Safety|Visitor Parking|Garden|Club House|Swimming Pool|Security|Intercom|Gym|Play Area|CCTV|Parking|Lift,13,18438535,8.8,6.9,7.4,4.7,6.95,4.27,9.51,6.89,0
1988,Bangalore,Hebbal,Commercial,0,1193,1,30,25,,0,8617964,8.4,7.4,8.2,0.7,6.17,4.32,3.27,3.79,0
1989,Surat,Adajan,Villa,3,5238,3,0,15,,0,22042924,3.7,5.6,3.7,8.4,5.35,7.05,13.7,10.38,0
1990,Ahmedabad,Bodakdev,Plot,0,2715,3,0,12,Parking|Swimming Pool|CCTV|Intercom|Club House|Garden|Play Area|Gym|Fire Safety|Lift|Power Backup|Visitor Parking|Security|Jogging Track,14,16377277,4.3,9.8,6.8,6.0,6.73,3.13,4.15,3.64,0
1991,Kolkata,Park Street,Apartment,3,1619,3,12,5,Security|Parking|Visitor Parking|Club House|Jogging Track|Play Area|Swimming Pool,7,11963011,9.7,2.6,7.9,6.7,6.72,7.52,11.34,9.43,0
1992,Jaipur,C-Scheme,Independent House,2,851,2,21,16,Intercom|Play Area|Gym|Fire Safety|Power Backup|Swimming Pool|Club House|Visitor Parking|Garden|CCTV|Parking|Security|Jogging Track,13,4257722,5.7,3.8,2.2,5.6,4.32,6.83,13.42,10.12,0
1993,Chennai,Porur,Villa,4,2271,4,0,11,Security|Fire Safety|Visitor Parking|Lift|Jogging Track|Gym|CCTV|Intercom,8,14978042,8.3,8.5,5.3,4.1,6.55,4.24,11.06,7.65,0
1994,Pune,Wakad,Plot,0,3000,2,0,10,Power Backup|Club House|CCTV|Lift|Garden|Security|Jogging Track|Swimming Pool|Intercom|Parking|Fire Safety|Visitor Parking,12,23586868,9.3,5.9,5.0,9.6,7.45,2.38,3.92,3.15,0
1995,Chennai,T Nagar,Apartment,2,975,2,9,11,,0,7822531,9.1,5.7,9.3,9.4,8.38,7.5,5.29,6.39,0
1996,Delhi,Vasant Kunj,Villa,4,2968,4,0,10,Garden|CCTV|Club House|Jogging Track|Lift|Power Backup|Parking|Gym|Swimming Pool|Play Area|Security|Fire Safety,12,52640380,3.7,7.2,9.9,2.7,5.88,4.31,14.06,9.19,0
1997,Chennai,Anna Nagar,Independent House,2,926,2,25,28,Club House|Swimming Pool,2,7078492,3.2,3.1,7.2,0.6,3.52,5.4,4.08,4.74,0
1998,Ahmedabad,Satellite,Apartment,1,615,1,17,20,Jogging Track|Swimming Pool|Power Backup|Intercom|Garden|Parking|Play Area|Gym|Club House|Fire Safety,10,3698148,4.5,9.2,5.6,3.2,5.62,3.25,12.42,7.83,0
1999,Chennai,T Nagar,Plot,0,4940,2,0,8,Fire Safety|Play Area|Visitor Parking|Jogging Track,4,44204012,1.1,1.9,9.6,8.7,5.32,7.6,10.47,9.04,0
2000,Jaipur,Mansarovar,Independent House,2,913,2,28,14,Power Backup|Parking|CCTV|Club House|Play Area|Garden|Jogging Track,7,4349201,4.7,1.1,9.1,6.5,5.35,2.28,11.68,6.98,0
2001,Pune,Kharadi,Plot,0,1315,1,0,29,Garden|Fire Safety|Play Area|Intercom|Gym|CCTV|Jogging Track|Swimming Pool|Security|Club House|Lift|Power Backup|Visitor Parking|Parking,14,11539266,6.6,9.5,1.2,0.3,4.4,3.81,14.55,9.18,0
2002,Delhi,Rohini,Plot,0,1511,2,0,5,Gym|Security|Swimming Pool|Visitor Parking|Club House|Garden|Intercom|Power Backup|Jogging Track|Lift|Play Area|Fire Safety|Parking|CCTV,14,18980563,6.3,4.8,2.5,1.3,3.73,4.24,9.62,6.93,0
2003,Hyderabad,Gachibowli,Villa,3,3035,3,0,20,Visitor Parking|Power Backup|Security|CCTV|Jogging Track|Intercom|Parking|Gym|Fire Safety|Garden|Play Area,11,24371430,8.3,7.8,2.2,3.5,5.45,2.78,6.93,4.85,0
2004,Delhi,Lajpat Nagar,Independent House,1,840,1,12,2,Gym|Intercom|Power Backup|Fire Safety|Visitor Parking|Parking|Club House|Lift|Security|Play Area|Swimming Pool|Jogging Track|Garden|CCTV,14,13882106,4.9,1.6,1.0,6.4,3.48,7.71,14.73,11.22,0
2005,Hyderabad,Jubilee Hills,Commercial,0,2889,1,22,2,Power Backup|Play Area|Visitor Parking|Club House|Lift|Intercom|CCTV|Jogging Track|Security|Garden|Swimming Pool|Fire Safety|Parking,13,40535801,1.3,2.1,9.7,2.2,3.83,6.15,3.14,4.65,0
2006,Bangalore,Hebbal,Apartment,1,911,1,9,8,Garden|Intercom,2,7936137,8.6,5.7,7.2,6.7,7.05,6.11,13.04,9.57,0
2007,Bangalore,HSR Layout,Plot,0,1268,2,0,5,CCTV|Garden|Security|Visitor Parking|Gym|Club House|Jogging Track|Intercom|Play Area|Power Backup|Swimming Pool|Fire Safety|Parking,13,17066564,2.7,6.8,4.9,1.0,3.85,3.42,7.8,5.61,0
2008,Pune,Kharadi,Commercial,0,1548,1,20,17,Parking|Gym|Play Area|Swimming Pool|Security,5,13821930,1.7,6.6,5.1,2.9,4.07,4.4,8.99,6.7,0
2009,Ahmedabad,Prahlad Nagar,Plot,0,1318,2,0,23,Visitor Parking|Power Backup|Gym|Garden,4,8008522,5.7,8.0,9.4,6.6,7.43,4.21,6.99,5.6,0
2010,Chennai,Anna Nagar,Apartment,3,1337,3,13,8,,0,10714077,6.7,5.8,3.8,9.8,6.53,5.55,7.31,6.43,0
2011,Ahmedabad,Prahlad Nagar,Villa,3,5708,3,0,25,,0,33125267,0.2,1.7,9.8,6.7,4.6,2.43,13.14,7.79,0
2012,Ahmedabad,Bodakdev,Villa,5,2535,5,0,4,Swimming Pool|Security|CCTV|Visitor Parking,4,15425718,4.3,9.5,4.0,5.3,5.78,5.88,6.68,6.28,0
2013,Surat,Althan,Plot,0,2566,1,0,5,Power Backup|Fire Safety|Security|Swimming Pool|CCTV|Parking,6,13919845,6.5,6.7,0.3,9.6,5.78,6.17,14.49,10.33,0
2014,Jaipur,Ajmer Road,Plot,0,4243,2,0,7,Play Area|Security|Fire Safety|Jogging Track|CCTV|Lift|Visitor Parking|Gym|Intercom|Club House|Power Backup|Swimming Pool|Parking,13,18959054,9.5,6.7,7.9,6.4,7.62,3.09,2.75,2.92,0
2015,Mumbai,Andheri,Apartment,1,780,1,26,0,Garden|Power Backup|Club House|Lift|Play Area|Visitor Parking|CCTV|Security|Gym|Fire Safety|Intercom|Jogging Track,12,19699476,5.6,4.0,3.1,6.7,4.85,4.61,6.61,5.61,0
2016,Surat,Piplod,Commercial,0,2143,2,28,30,Club House,1,7757010,3.9,3.5,6.9,0.3,3.65,7.15,1.46,4.3,0
2017,Kolkata,New Town,Independent House,3,1225,3,15,6,,0,6603522,3.9,2.7,4.3,1.9,3.2,4.79,2.11,3.45,0
2018,Surat,Katargam,Villa,5,4914,5,0,7,Security|Gym|Jogging Track|Garden|CCTV,5,17436255,0.1,3.7,1.1,5.3,2.55,4.78,10.44,7.61,0
2019,Kolkata,Park Street,Villa,3,4372,3,0,19,Intercom|CCTV|Fire Safety|Visitor Parking,4,25658392,6.1,3.5,2.8,6.6,4.75,3.49,14.61,9.05,0
2020,Chennai,Velachery,Villa,4,3908,4,0,25,Visitor Parking,1,23567875,6.1,4.0,9.3,5.9,6.32,6.52,4.39,5.46,0
2021,Chennai,Velachery,Commercial,0,2146,2,7,18,Lift|Club House|Fire Safety|Gym|Intercom|CCTV|Parking|Swimming Pool|Visitor Parking|Play Area|Power Backup|Security|Garden|Jogging Track,14,16092913,4.8,9.4,9.9,6.7,7.7,5.2,11.79,8.49,0
2022,Jaipur,Ajmer Road,Independent House,1,727,1,5,3,,0,3027710,7.6,4.5,0.6,1.7,3.6,7.16,11.66,9.41,0
2023,Ahmedabad,Prahlad Nagar,Independent House,3,1197,3,9,20,Visitor Parking|Club House|Garden|Jogging Track|Power Backup|Parking|Intercom|Gym|Swimming Pool|Fire Safety|Lift,11,7426055,5.7,8.5,3.8,0.6,4.65,6.34,4.13,5.23,0
2024,Mumbai,Bandra,Villa,5,4714,5,0,3,Visitor Parking|Swimming Pool,2,177012893,8.6,3.3,3.9,3.6,4.85,6.24,6.48,6.36,0
2025,Pune,Hadapsar,Independent House,4,1202,4,17,30,Visitor Parking|Swimming Pool|CCTV|Jogging Track|Security|Fire Safety,6,7613590,3.6,3.0,2.6,3.3,3.12,4.33,2.18,3.25,0
2026,Hyderabad,Jubilee Hills,Commercial,0,1819,1,28,6,Parking|Security|Club House|Fire Safety,4,22083910,7.4,0.3,2.5,3.1,3.32,3.76,4.71,4.23,0
2027,Hyderabad,Banjara Hills,Apartment,3,1237,3,21,14,CCTV|Club House|Intercom|Play Area|Visitor Parking|Jogging Track|Gym|Power Backup|Lift|Parking|Swimming Pool,11,15101485,2.8,7.5,9.6,1.5,5.35,6.83,2.26,4.54,0
2028,Ahmedabad,Navrangpura,Independent House,1,838,1,8,6,,0,4771704,8.4,0.6,2.3,7.9,4.8,7.01,14.26,10.63,0
2029,Bangalore,Whitefield,Commercial,0,2796,2,13,12,Parking|Power Backup|Garden|Fire Safety|Security,5,29271305,5.2,1.5,7.9,0.1,3.68,2.1,5.62,3.86,0
2030,Surat,Adajan,Villa,3,1881,3,0,7,,0,8095216,2.5,4.7,0.7,6.9,3.7,6.02,6.99,6.5,0
2031,Ahmedabad,Prahlad Nagar,Apartment,4,1637,4,4,24,CCTV|Fire Safety|Garden|Jogging Track|Security|Gym|Parking,7,9126589,3.7,0.6,9.4,1.7,3.85,3.38,9.14,6.26,0
2032,Chennai,Porur,Villa,3,2037,3,0,6,Jogging Track|Visitor Parking|Parking|Gym,4,12078846,3.0,0.7,9.7,5.8,4.8,6.45,14.99,10.72,0
2033,Mumbai,Bandra,Plot,0,2135,1,0,21,Parking|Lift|Gym|Garden|Jogging Track|Power Backup|Club House|Intercom|Fire Safety|Visitor Parking|Security|Play Area,12,63159916,1.0,9.2,6.4,6.9,5.88,3.93,4.65,4.29,0
2034,Delhi,Lajpat Nagar,Commercial,0,1049,2,1,12,Play Area|Intercom|Security|Visitor Parking|Power Backup,5,15903589,6.8,6.3,3.4,8.7,6.3,2.38,3.18,2.78,0
2035,Surat,Adajan,Commercial,0,1705,2,12,24,Lift|Jogging Track|Fire Safety|Intercom|Parking|Security|Power Backup|Swimming Pool,8,6780653,4.5,7.7,0.8,1.9,3.73,2.78,2.2,2.49,0
2036,Mumbai,Bandra,Commercial,0,2175,3,1,7,Garden|Jogging Track|Intercom|Club House|CCTV|Gym|Swimming Pool|Security|Visitor Parking|Play Area|Parking,11,81906303,8.0,9.3,6.0,3.5,6.7,5.53,9.67,7.6,0
2037,Chennai,Velachery,Villa,5,4407,5,0,23,Visitor Parking|Swimming Pool|Power Backup|Fire Safety|Parking|CCTV|Intercom|Security|Club House|Jogging Track|Play Area|Gym|Garden|Lift,14,26866209,3.6,2.9,1.4,3.8,2.92,4.26,5.49,4.88,0
2038,Chennai,Adyar,Plot,0,2375,1,0,23,Gym|Jogging Track|Intercom|Security|Play Area|Lift|Visitor Parking|Parking|CCTV|Fire Safety|Club House,11,18817136,5.2,5.1,5.8,3.3,4.85,3.63,1.29,2.46,0
2039,Bangalore,Koramangala,Independent House,4,1984,4,16,21,Swimming Pool|CCTV|Garden|Security|Power Backup,5,24124016,6.2,9.0,4.0,6.3,6.38,3.26,14.27,8.77,0
2040,Surat,Katargam,Plot,0,2710,2,0,5,Power Backup|Fire Safety|Garden|Parking|Play Area|Jogging Track|CCTV,7,3385524,0.8,4.0,5.4,1.4,2.9,5.63,1.39,3.51,1
2041,Pune,Hadapsar,Villa,3,4141,3,0,3,Garden,1,34525985,9.6,7.7,2.2,1.5,5.25,3.91,11.6,7.75,0
2042,Surat,Piplod,Villa,4,3801,4,0,14,Jogging Track|Visitor Parking|Parking|Play Area|Club House|Fire Safety|Lift|Garden|Swimming Pool|Gym,10,17457266,0.8,6.6,6.2,0.3,3.48,6.01,5.75,5.88,0
2043,Hyderabad,Gachibowli,Apartment,2,1135,2,17,24,Gym|Fire Safety|Lift|CCTV|Intercom|Security|Parking|Visitor Parking|Garden|Club House|Swimming Pool|Jogging Track|Power Backup,13,9529671,1.7,0.8,7.5,5.1,3.77,7.47,2.58,5.03,0
2044,Pune,Hadapsar,Villa,4,5217,4,0,17,Club House|Lift|Gym|Swimming Pool|CCTV|Play Area|Garden,7,34642081,5.4,3.9,9.9,7.5,6.68,7.02,10.43,8.72,0
2045,Mumbai,Juhu,Villa,5,5916,5,0,29,Power Backup|Fire Safety|Play Area|Intercom|Visitor Parking|Security|Garden|Lift|Parking|Jogging Track|Club House|Swimming Pool|CCTV|Gym,14,136001708,1.2,4.4,1.3,3.0,2.48,3.08,9.55,6.32,0
2046,Kolkata,New Town,Villa,3,3383,3,0,5,,0,20818328,0.6,2.8,6.1,5.3,3.7,6.78,2.58,4.68,0
2047,Ahmedabad,Thaltej,Commercial,0,758,1,15,27,Power Backup|Parking|Club House|CCTV|Play Area|Lift|Swimming Pool|Garden|Fire Safety,9,3490387,2.0,7.4,0.2,2.2,2.95,4.59,6.74,5.67,0
2048,Bangalore,Koramangala,Apartment,1,778,1,29,6,Parking|Intercom|Garden|Security|Visitor Parking|Club House|Play Area|CCTV|Gym|Jogging Track|Fire Safety,11,10215249,3.3,1.8,2.4,5.3,3.2,3.41,10.94,7.17,0
2049,Pune,Hadapsar,Villa,4,3200,4,0,21,CCTV|Visitor Parking|Fire Safety|Gym|Play Area|Power Backup|Club House|Lift|Garden|Security|Swimming Pool|Intercom,12,23743570,9.3,8.6,1.8,5.6,6.32,7.34,13.35,10.34,0
2050,Jaipur,Ajmer Road,Plot,0,2469,1,0,26,Club House|Jogging Track|Swimming Pool|Intercom|Garden|Visitor Parking|Fire Safety,7,9768578,4.5,2.5,5.5,9.7,5.55,2.65,14.62,8.63,0
2051,Hyderabad,Gachibowli,Commercial,0,942,1,28,7,CCTV|Parking|Swimming Pool|Play Area|Intercom|Fire Safety|Security|Visitor Parking|Jogging Track|Power Backup|Gym,11,8313853,3.3,9.4,7.4,7.0,6.78,4.44,13.54,8.99,0
2052,Ahmedabad,Navrangpura,Apartment,1,816,1,24,20,Garden|CCTV|Parking|Gym|Intercom|Visitor Parking|Swimming Pool|Club House|Fire Safety|Jogging Track|Power Backup,11,4485313,6.2,4.7,4.4,4.1,4.85,4.76,8.04,6.4,0
2053,Delhi,Vasant Kunj,Commercial,0,2016,3,27,17,Security|Intercom|Jogging Track|Lift|Garden|Power Backup|Parking|CCTV|Club House|Gym,10,34440358,8.2,1.5,3.9,3.7,4.33,7.72,6.59,7.15,0
2054,Kolkata,New Town,Commercial,0,1749,3,26,3,Garden|Power Backup,2,10687611,6.2,5.9,8.9,1.6,5.65,3.96,9.43,6.7,0
2055,Kolkata,Salt Lake,Plot,0,3240,1,0,18,CCTV|Gym|Power Backup|Lift|Jogging Track|Parking|Club House|Security|Play Area|Intercom|Visitor Parking|Swimming Pool|Garden,13,18942096,5.6,5.5,6.0,3.1,5.05,6.08,4.57,5.33,0
2056,Pune,Hadapsar,Commercial,0,1464,2,8,2,Security|Visitor Parking|CCTV|Intercom|Lift|Swimming Pool|Club House|Fire Safety,8,10996824,8.4,5.2,6.3,2.1,5.5,6.4,8.51,7.46,0
2057,Jaipur,Vaishali Nagar,Plot,0,3199,3,0,17,,0,14308606,3.2,7.9,1.7,6.4,4.8,6.84,13.26,10.05,0
2058,Pune,Kharadi,Apartment,1,683,1,12,4,Gym|Club House|Visitor Parking|Lift|Intercom|Fire Safety|CCTV,7,7482134,1.8,5.3,2.5,5.2,3.7,6.62,1.01,3.81,0
2059,Jaipur,Ajmer Road,Commercial,0,1078,3,25,1,Power Backup|Lift|Play Area|Intercom|Jogging Track,5,5261907,6.0,4.7,8.3,7.4,6.6,2.64,5.87,4.25,0
2060,Hyderabad,Banjara Hills,Villa,4,4835,4,0,29,,0,42471128,2.1,6.8,7.2,7.6,5.93,4.42,9.29,6.85,0
2061,Surat,Katargam,Villa,3,4728,3,0,12,Swimming Pool|Intercom|Lift|CCTV,4,17366078,4.4,5.4,8.4,9.9,7.03,4.59,8.97,6.78,0
2062,Jaipur,Mansarovar,Apartment,1,871,1,15,5,Play Area|Visitor Parking|Gym|Jogging Track|Swimming Pool|Security,6,3352244,8.9,1.2,2.3,9.2,5.4,3.82,14.57,9.2,0
2063,Bangalore,Hebbal,Commercial,0,477,2,15,8,Garden|Club House|Intercom|Visitor Parking|Fire Safety|Parking|Lift|Gym|Security|Swimming Pool,10,4743782,1.3,3.2,3.4,6.0,3.48,7.23,2.92,5.08,0
2064,Kolkata,New Town,Villa,3,2823,3,0,19,,0,11908719,2.2,6.4,6.6,4.4,4.9,2.18,7.98,5.08,0
2065,Ahmedabad,Navrangpura,Independent House,3,1333,3,11,19,CCTV|Club House|Garden,3,6479253,8.5,8.2,5.3,3.1,6.28,4.93,2.15,3.54,0
2066,Bangalore,HSR Layout,Independent House,3,1223,3,3,5,Fire Safety|CCTV|Gym|Jogging Track|Security|Club House|Parking|Garden|Swimming Pool|Play Area|Lift,11,13737374,7.8,2.4,7.8,1.4,4.85,7.82,7.93,7.88,0
2067,Kolkata,Park Street,Commercial,0,2931,3,23,7,Garden|Intercom|Fire Safety|Play Area|Jogging Track|Visitor Parking|CCTV|Swimming Pool|Club House,9,19043444,3.1,6.8,3.5,7.1,5.12,3.88,6.69,5.29,0
2068,Jaipur,C-Scheme,Plot,0,3816,3,0,2,Swimming Pool|Gym|Garden|Visitor Parking|Intercom|Play Area|Jogging Track,7,27550261,0.9,4.5,3.1,4.7,3.3,6.59,9.94,8.27,0
2069,Pune,Kharadi,Independent House,4,1741,4,23,23,Jogging Track|Lift|Swimming Pool|Power Backup|Fire Safety|Garden|Visitor Parking|Intercom|Play Area|Security|CCTV|Club House|Parking,13,14217103,6.0,0.4,2.3,5.1,3.45,2.18,3.73,2.96,0
2070,Jaipur,Malviya Nagar,Plot,0,1481,1,0,22,Security|Play Area|Intercom,3,7153485,9.8,4.3,0.4,4.7,4.8,5.21,3.45,4.33,0
2071,Jaipur,Vaishali Nagar,Independent House,2,1045,2,17,15,Gym|Lift|Intercom,3,4921901,3.2,0.6,1.8,4.5,2.53,3.83,5.57,4.7,0
2072,Hyderabad,Madhapur,Villa,4,5993,4,0,1,Intercom,1,60655629,1.1,4.2,4.8,2.9,3.25,7.22,7.95,7.58,0
2073,Ahmedabad,Navrangpura,Plot,0,2131,3,0,25,CCTV|Swimming Pool|Lift|Security|Play Area|Club House,6,10227340,6.0,2.6,3.8,7.9,5.07,3.57,13.68,8.62,0
2074,Mumbai,Borivali,Commercial,0,2655,3,25,0,Gym|Swimming Pool|Fire Safety|Intercom|CCTV|Play Area|Garden|Security|Visitor Parking|Lift|Jogging Track,11,47602199,2.3,9.3,7.1,1.6,5.08,6.23,8.56,7.4,0
2075,Kolkata,Alipore,Independent House,3,1174,3,20,9,Lift|Jogging Track|Intercom|Visitor Parking|Fire Safety|Power Backup,6,10087253,4.4,5.6,8.8,8.2,6.75,7.34,5.6,6.47,0
2076,Surat,Katargam,Commercial,0,817,3,23,3,CCTV|Gym|Parking|Jogging Track|Swimming Pool|Power Backup|Intercom|Garden|Lift|Club House|Visitor Parking|Security|Fire Safety,13,3251330,1.9,6.1,8.6,9.0,6.4,4.77,13.97,9.37,0
2077,Surat,Althan,Independent House,3,1336,3,25,3,Lift|Visitor Parking|Security|Club House|Power Backup|Parking|Play Area|Fire Safety|Gym|Garden|Swimming Pool|Intercom,12,5870581,0.3,5.3,3.4,4.3,3.33,5.22,11.86,8.54,0
2078,Surat,Vesu,Commercial,0,2313,3,2,8,Garden|CCTV|Gym|Jogging Track|Visitor Parking|Parking|Swimming Pool|Security|Club House|Lift|Play Area|Power Backup|Intercom|Fire Safety,14,12791633,4.3,4.2,2.1,8.2,4.7,4.24,9.79,7.01,0
2079,Pune,Hadapsar,Commercial,0,384,3,14,30,Gym|Visitor Parking|Play Area|Garden|Security|Parking|Club House|Fire Safety|Jogging Track|Power Backup|Lift,11,2506427,7.9,0.8,2.5,8.6,4.95,2.75,9.03,5.89,0
2080,Ahmedabad,Prahlad Nagar,Villa,5,4381,5,0,11,Security,1,29441581,0.4,0.6,5.3,8.3,3.65,6.79,12.98,9.88,0
2081,Delhi,Dwarka,Independent House,3,1062,3,28,4,Security|Jogging Track|Power Backup|Fire Safety,4,12368719,9.1,9.3,8.0,5.3,7.92,3.23,11.61,7.42,0
2082,Bangalore,Indiranagar,Apartment,2,1153,2,11,16,CCTV|Club House|Fire Safety|Security|Play Area|Garden|Jogging Track|Visitor Parking|Lift|Gym|Intercom,11,14107762,5.4,9.8,9.8,8.4,8.35,4.58,6.13,5.36,0
2083,Chennai,Porur,Villa,3,4538,3,0,27,Fire Safety|Club House|Security|CCTV|Power Backup|Parking,6,23948053,7.9,1.2,3.8,2.5,3.85,7.74,9.59,8.66,0
2084,Bangalore,Hebbal,Villa,4,5782,4,0,5,Gym|Parking|Intercom|CCTV|Club House|Play Area|Jogging Track,7,18505459,9.1,2.9,5.2,3.8,5.25,3.53,1.96,2.75,1
2085,Kolkata,Salt Lake,Apartment,1,919,1,22,14,Play Area|Security|Garden|Intercom|Lift,5,5644406,2.7,9.8,9.6,0.4,5.62,6.02,8.66,7.34,0
2086,Bangalore,Indiranagar,Villa,3,3963,3,0,4,Club House|Security|Fire Safety|Parking|Intercom|Swimming Pool|Lift,7,56846372,6.8,4.5,5.3,5.8,5.6,5.55,12.12,8.83,0
2087,Mumbai,Borivali,Plot,0,1167,2,0,15,Lift|Jogging Track|Play Area|CCTV|Gym|Parking,6,20486371,5.4,8.6,9.4,5.1,7.12,6.59,13.2,9.89,0
2088,Pune,Hinjewadi,Villa,4,5516,4,0,4,Power Backup|Swimming Pool|Fire Safety|Lift|Security|Gym|Club House|Jogging Track|Play Area|Garden|Intercom|CCTV|Visitor Parking,13,59456135,8.2,7.8,7.7,0.4,6.02,3.83,3.92,3.88,0
2089,Jaipur,Ajmer Road,Apartment,4,1410,4,17,15,Play Area|Jogging Track|Garden|Intercom|Security|CCTV|Fire Safety,7,5651187,7.6,4.5,8.3,0.9,5.32,6.3,9.47,7.88,0
2090,Surat,Adajan,Independent House,2,1062,2,26,20,Club House|Gym|Parking|Intercom|Jogging Track|Fire Safety|CCTV|Power Backup|Play Area|Swimming Pool|Visitor Parking|Lift|Security,13,4762635,1.7,8.7,8.9,6.1,6.35,6.34,5.99,6.17,0
2091,Ahmedabad,Satellite,Apartment,3,1286,3,2,0,,0,8311118,4.9,5.9,7.0,1.0,4.7,3.29,4.79,4.04,0
2092,Hyderabad,Jubilee Hills,Apartment,1,918,1,15,22,Lift|Swimming Pool|Play Area|Parking|Jogging Track|Fire Safety|Power Backup|Gym|Intercom,9,9337913,5.6,1.5,3.9,2.6,3.4,7.6,6.7,7.15,0
2093,Bangalore,Whitefield,Independent House,1,853,1,26,9,Parking|Fire Safety|Lift|Gym|Jogging Track|Security|Visitor Parking|Intercom|Play Area|Garden|CCTV|Club House,12,9935831,3.8,4.3,6.9,2.2,4.3,4.85,3.09,3.97,0
2094,Kolkata,Ballygunge,Villa,3,3040,3,0,24,,0,17864008,3.4,7.9,3.9,8.0,5.8,6.33,1.98,4.16,0
2095,Pune,Kharadi,Plot,0,1055,1,0,10,Power Backup|CCTV|Garden|Gym|Play Area|Swimming Pool|Fire Safety,7,10486240,3.3,8.0,9.7,0.3,5.33,4.77,9.61,7.19,0
2096,Delhi,Rohini,Apartment,4,1375,4,5,2,Security,1,14603616,3.8,0.4,5.1,8.8,4.53,5.93,7.94,6.94,0
2097,Bangalore,Koramangala,Apartment,3,1323,3,27,29,Visitor Parking|Lift|Jogging Track|Club House|Swimming Pool|Power Backup|CCTV|Fire Safety|Intercom|Play Area|Gym,11,15108701,0.1,2.6,2.4,0.5,1.4,7.87,12.55,10.21,0
2098,Chennai,Velachery,Villa,3,4753,3,0,4,Play Area,1,29812942,1.4,1.8,9.1,2.7,3.75,2.49,14.36,8.43,0
2099,Mumbai,Borivali,Independent House,3,1456,3,25,26,Parking|Club House|CCTV|Gym|Security|Fire Safety|Visitor Parking,7,22272707,3.5,0.9,9.2,4.7,4.58,2.47,7.52,5.0,0
2100,Chennai,Adyar,Apartment,2,938,2,30,11,Jogging Track|Garden|CCTV|Intercom|Visitor Parking|Swimming Pool|Club House|Gym|Play Area|Power Backup|Lift|Parking|Security,13,10179700,9.3,5.8,8.4,1.7,6.3,4.58,13.33,8.96,0
2101,Chennai,Adyar,Commercial,0,1994,2,15,17,Visitor Parking|Intercom|Play Area|Club House|Parking|Security,6,19891069,10.0,9.1,5.0,2.7,6.7,4.74,1.33,3.04,0
2102,Hyderabad,Kondapur,Commercial,0,662,3,3,18,,0,3440775,6.2,5.7,0.9,3.0,3.95,2.3,9.0,5.65,0
2103,Jaipur,Malviya Nagar,Plot,0,1847,1,0,25,Security|Lift|Intercom|Visitor Parking|Jogging Track,5,9930479,4.5,9.5,5.0,1.2,5.05,5.44,8.39,6.92,0
2104,Pune,Baner,Plot,0,2335,1,0,22,Gym|Parking|Swimming Pool|Visitor Parking|Security|Power Backup|Play Area|Club House|Fire Safety|Intercom|Lift|Garden|CCTV,13,21368404,0.0,0.2,5.5,3.8,2.38,6.76,11.41,9.09,0
2105,Kolkata,Ballygunge,Villa,5,2711,5,0,19,,0,5522257,5.2,7.7,5.7,0.9,4.88,3.51,6.69,5.1,1
2106,Mumbai,Bandra,Commercial,0,678,2,18,24,Play Area|Parking|Security|Visitor Parking|Power Backup|Jogging Track|CCTV|Garden|Lift|Club House|Intercom,11,16989845,6.2,3.9,5.4,7.3,5.7,3.8,14.85,9.32,0
2107,Delhi,Lajpat Nagar,Plot,0,4732,2,0,12,Gym|Fire Safety|Visitor Parking,3,70189764,8.2,9.7,5.2,6.8,7.47,3.49,2.66,3.08,0
2108,Delhi,Rohini,Plot,0,1475,1,0,16,Swimming Pool|Garden|Fire Safety|Play Area|CCTV|Intercom|Visitor Parking|Power Backup|Parking|Club House|Jogging Track|Lift|Security|Gym,14,13969016,1.9,2.6,8.5,0.1,3.27,4.18,5.54,4.86,0
2109,Hyderabad,Madhapur,Plot,0,4167,1,0,14,Club House|CCTV|Visitor Parking|Jogging Track|Lift,5,34856556,8.9,2.7,4.0,4.4,5.0,6.3,2.34,4.32,0
2110,Jaipur,Malviya Nagar,Independent House,1,671,1,22,24,Swimming Pool|Jogging Track|Intercom|Parking|Play Area|Security|Power Backup|Lift,8,3715276,2.9,0.0,9.6,3.9,4.1,2.2,5.85,4.03,0
2111,Delhi,Saket,Independent House,3,1139,3,14,7,Garden|Play Area|Security|Club House|Lift|Parking|Jogging Track|Intercom|Power Backup|Gym|CCTV|Swimming Pool,12,19627181,6.2,9.9,5.6,1.4,5.78,6.21,2.5,4.36,0
2112,Delhi,Saket,Apartment,2,1202,2,20,10,CCTV|Gym|Lift|Play Area|Club House,5,19414892,0.3,4.6,1.7,0.6,1.8,4.56,1.33,2.94,0
2113,Delhi,Rohini,Commercial,0,1292,3,4,14,Gym,1,12963720,8.8,9.1,2.0,9.0,7.22,5.41,14.86,10.13,0
2114,Kolkata,Salt Lake,Independent House,1,664,1,0,20,Lift|Intercom|Jogging Track|Garden|Gym|Power Backup|Club House|Security|Parking|Swimming Pool|Play Area|Fire Safety|Visitor Parking|CCTV,14,4155237,3.1,1.8,1.4,4.4,2.68,7.93,12.93,10.43,0
2115,Chennai,Porur,Apartment,1,918,1,2,10,Gym|Garden|Power Backup,3,6028584,8.0,9.8,9.6,3.1,7.62,7.07,4.63,5.85,0
2116,Pune,Hadapsar,Plot,0,1480,2,0,13,Parking|Fire Safety|Garden|Swimming Pool|Visitor Parking|Power Backup|CCTV|Security,8,10734070,0.0,3.9,4.2,8.1,4.05,7.61,14.05,10.83,0
2117,Kolkata,New Town,Villa,4,2427,4,0,30,CCTV|Power Backup|Club House|Intercom|Visitor Parking|Play Area|Lift|Jogging Track|Fire Safety|Parking|Security|Swimming Pool|Gym|Garden,14,13970238,6.4,3.6,0.4,9.7,5.03,2.65,8.14,5.4,0
2118,Jaipur,Ajmer Road,Plot,0,3268,1,0,4,Garden|Lift|Security,3,14474263,3.1,4.2,7.4,3.8,4.62,2.91,2.55,2.73,0
2119,Delhi,Vasant Kunj,Plot,0,2870,3,0,23,Garden|Parking|Fire Safety|Lift|CCTV|Visitor Parking|Gym|Security|Jogging Track|Intercom|Play Area|Club House,12,45268326,7.7,1.0,7.1,4.9,5.17,3.17,8.71,5.94,0
2120,Jaipur,Malviya Nagar,Plot,0,2840,1,0,27,Club House|Security|Lift|Visitor Parking|Garden|Jogging Track|Parking|CCTV|Gym|Intercom,10,14462387,5.9,4.2,0.2,4.1,3.6,3.56,11.84,7.7,0
2121,Pune,Hinjewadi,Apartment,1,693,1,2,5,Garden|Lift|Security|Play Area|Visitor Parking|Swimming Pool|Parking|Intercom|Gym|Fire Safety|Jogging Track|CCTV|Club House,13,7894874,9.5,4.2,8.2,2.4,6.07,2.85,10.99,6.92,0
2122,Jaipur,Mansarovar,Apartment,1,703,1,5,1,Security|Swimming Pool|CCTV|Power Backup|Intercom|Gym|Visitor Parking|Jogging Track|Parking|Club House|Lift,11,4187143,9.2,4.7,1.2,1.1,4.05,6.14,11.47,8.8,0
2123,Surat,Piplod,Commercial,0,1999,1,24,23,Play Area,1,8235667,8.8,1.6,9.9,3.5,5.95,6.29,14.69,10.49,0
2124,Mumbai,Thane,Commercial,0,1358,1,18,20,Fire Safety|Play Area|Power Backup|Intercom,4,16629972,3.6,0.1,1.2,2.1,1.75,4.63,4.13,4.38,0
2125,Jaipur,Malviya Nagar,Apartment,1,841,1,29,5,Intercom|Play Area|Power Backup|Fire Safety|Gym|Jogging Track|Parking|Club House,8,5707380,7.6,7.2,4.7,9.5,7.25,2.63,1.38,2.0,0
2126,Jaipur,Vaishali Nagar,Commercial,0,2225,1,4,28,Play Area|CCTV|Visitor Parking,3,8093179,3.8,4.8,7.7,5.4,5.43,4.91,12.73,8.82,0
2127,Mumbai,Juhu,Plot,0,1668,1,0,5,Lift|Intercom|Gym|Play Area|Visitor Parking|Garden|CCTV|Security|Fire Safety|Jogging Track|Power Backup|Club House,12,52350342,6.7,2.9,8.0,1.3,4.73,7.26,14.5,10.88,0
2128,Bangalore,Koramangala,Plot,0,1111,2,0,19,Visitor Parking|Club House|Intercom|Garden|Power Backup|Lift|Fire Safety|Play Area|Security|Gym,10,13394423,4.4,6.8,0.7,6.2,4.52,2.71,9.09,5.9,0
2129,Pune,Kharadi,Apartment,3,1056,3,23,3,Club House|Lift|Parking|Fire Safety|Swimming Pool|Gym|Power Backup|Intercom|CCTV|Garden|Jogging Track|Play Area|Visitor Parking,13,11227538,1.6,8.5,7.0,6.9,6.0,5.72,13.12,9.42,0
2130,Surat,Vesu,Independent House,3,1515,3,2,7,,0,2368558,9.1,7.4,6.0,8.1,7.65,6.88,5.43,6.15,1
2131,Hyderabad,Banjara Hills,Villa,3,4817,3,0,29,Club House,1,45174206,3.6,8.1,5.5,3.9,5.27,3.74,10.98,7.36,0
2132,Hyderabad,Gachibowli,Commercial,0,1651,1,9,17,Swimming Pool,1,3863023,0.2,1.2,7.6,9.1,4.53,4.52,11.76,8.14,1
2133,Bangalore,Indiranagar,Commercial,0,2697,2,27,30,Garden,1,29064665,5.5,3.2,7.6,8.6,6.22,2.82,11.79,7.3,0
2134,Ahmedabad,Navrangpura,Independent House,1,668,1,7,18,Visitor Parking|CCTV|Power Backup|Intercom|Swimming Pool,5,3576095,2.6,3.8,9.4,0.5,4.08,6.03,9.38,7.71,0
2135,Bangalore,Whitefield,Plot,0,954,1,0,9,Lift|Club House|Jogging Track|Garden|Fire Safety|Visitor Parking|Power Backup|Security|Swimming Pool|Gym|Parking|CCTV,12,10295909,0.3,2.0,8.3,4.6,3.8,4.17,12.28,8.22,0
2136,Ahmedabad,Thaltej,Villa,4,2301,4,0,6,Power Backup,1,12941821,9.8,5.3,7.8,8.9,7.95,3.78,2.02,2.9,0
2137,Chennai,Adyar,Independent House,4,1887,4,5,12,,0,19095037,1.7,2.6,7.5,6.9,4.68,4.42,3.07,3.75,0
2138,Ahmedabad,Satellite,Commercial,0,2414,2,1,14,Club House|Lift|Parking|Gym|Power Backup|Fire Safety,6,12899147,1.4,9.5,8.6,7.1,6.65,7.66,3.92,5.79,0
2139,Jaipur,Mansarovar,Plot,0,4220,3,0,4,CCTV|Parking|Security|Intercom|Club House,5,22062425,8.4,6.1,4.1,6.7,6.33,2.18,4.69,3.44,0
2140,Jaipur,Mansarovar,Commercial,0,1257,1,1,22,Visitor Parking|Garden|Security|Lift|Gym,5,5381790,0.3,5.2,8.3,7.7,5.38,4.85,9.09,6.97,0
2141,Delhi,Vasant Kunj,Commercial,0,2140,2,30,8,Gym|Garden|Security|Play Area|Visitor Parking|Club House|Power Backup|Fire Safety|CCTV|Jogging Track|Lift|Swimming Pool,12,38746160,3.4,1.6,8.5,5.9,4.85,7.18,4.38,5.78,0
2142,Jaipur,C-Scheme,Villa,3,5706,3,0,6,Club House|Jogging Track|Parking|Power Backup|Security|Visitor Parking|Gym|Garden|Swimming Pool|Fire Safety|Lift|CCTV|Play Area,13,42386124,0.8,4.6,3.7,8.9,4.5,4.56,2.69,3.62,0
2143,Ahmedabad,Bodakdev,Plot,0,2146,1,0,24,Parking|CCTV|Intercom|Garden,4,10055018,2.7,5.5,5.8,2.3,4.08,4.25,14.16,9.21,0
2144,Kolkata,Alipore,Apartment,2,1099,2,27,25,Parking|Gym,2,7005743,7.5,9.9,9.8,7.9,8.78,2.08,14.96,8.52,0
2145,Chennai,T Nagar,Plot,0,3000,2,0,26,Gym,1,21669319,0.3,0.7,4.6,8.9,3.62,2.12,4.02,3.07,0
2146,Delhi,Saket,Villa,4,2122,4,0,28,Play Area|Gym|Visitor Parking|Lift|CCTV,5,26984686,1.8,8.4,1.8,9.2,5.3,4.26,4.13,4.2,0
2147,Delhi,Saket,Villa,5,4082,5,0,25,Club House|Security|Intercom|Gym|Jogging Track|Visitor Parking|Play Area,7,50206973,7.6,3.3,0.6,8.8,5.07,5.69,9.58,7.63,0
2148,Jaipur,C-Scheme,Apartment,2,1177,2,19,7,Power Backup|Jogging Track,2,6223621,7.6,1.8,8.6,1.6,4.9,5.44,12.51,8.97,0
2149,Hyderabad,Madhapur,Apartment,3,1576,3,26,13,,0,15073701,4.3,4.2,4.0,3.3,3.95,3.03,13.08,8.05,0
2150,Jaipur,C-Scheme,Independent House,2,1101,2,15,8,Jogging Track|Play Area|CCTV|Garden|Gym|Power Backup|Fire Safety|Lift|Club House,9,6484422,8.2,4.2,5.0,3.6,5.25,4.48,13.19,8.84,0
2151,Bangalore,Koramangala,Commercial,0,341,3,22,29,CCTV,1,3241972,8.4,6.0,1.7,7.7,5.95,7.42,11.87,9.64,0
2152,Chennai,T Nagar,Commercial,0,433,2,8,17,Gym|CCTV|Security|Parking|Play Area|Garden|Jogging Track|Swimming Pool|Club House,9,3177653,9.6,2.4,0.7,1.5,3.55,4.25,10.13,7.19,0
2153,Pune,Baner,Apartment,1,916,1,28,23,Garden|Lift|Fire Safety,3,7238113,6.8,0.3,8.6,5.8,5.38,6.88,12.32,9.6,0
2154,Chennai,T Nagar,Commercial,0,1093,1,6,28,Lift|Security,2,7033810,1.6,4.3,0.1,5.4,2.85,4.08,11.45,7.76,0
2155,Jaipur,Malviya Nagar,Apartment,2,1225,2,30,25,Visitor Parking|Lift|Swimming Pool|Parking,4,6323941,0.6,7.8,7.5,3.9,4.95,7.45,9.56,8.51,0
2156,Surat,Vesu,Apartment,1,673,1,7,30,Club House|Security|Swimming Pool|Power Backup|Play Area|Lift|Garden,7,2974602,0.7,0.1,1.8,7.7,2.58,3.61,2.3,2.96,0
2157,Hyderabad,Kondapur,Independent House,1,900,1,4,5,Power Backup|Swimming Pool|Jogging Track|Security|Visitor Parking|Fire Safety,6,7065352,7.2,1.3,4.2,9.5,5.55,4.84,3.12,3.98,0
2158,Jaipur,Mansarovar,Independent House,4,1305,4,28,28,Jogging Track|Gym,2,5598891,4.3,4.5,7.7,0.3,4.2,5.43,3.22,4.33,0
2159,Jaipur,C-Scheme,Independent House,2,938,2,1,6,Jogging Track|Swimming Pool,2,6110941,6.9,8.6,3.5,3.2,5.55,3.63,11.08,7.36,0
2160,Bangalore,Koramangala,Commercial,0,2920,1,9,7,Fire Safety|Gym|Intercom|Power Backup|Play Area|CCTV|Parking|Jogging Track|Security|Lift,10,41897291,3.7,7.4,8.6,1.5,5.3,2.56,8.63,5.6,0
2161,Chennai,Velachery,Commercial,0,748,3,5,23,Gym|Lift|Intercom|Power Backup|Play Area|Fire Safety|Club House|Security|Garden|CCTV|Swimming Pool|Jogging Track|Parking|Visitor Parking,14,4044861,9.9,4.3,1.0,8.7,5.97,7.66,3.32,5.49,0
2162,Ahmedabad,Thaltej,Independent House,4,1481,4,1,28,Garden|Play Area|Intercom|Fire Safety|Jogging Track|CCTV|Security|Club House,8,7494795,1.7,7.7,7.0,7.1,5.88,4.87,6.66,5.77,0
2163,Bangalore,Koramangala,Commercial,0,1390,2,15,4,CCTV|Visitor Parking|Parking|Garden|Lift|Security|Play Area|Power Backup|Jogging Track|Gym,10,18787196,3.9,5.6,1.7,8.7,4.97,2.05,2.49,2.27,0
2164,Bangalore,HSR Layout,Plot,0,2176,2,0,14,Intercom|Club House,2,19393099,7.6,8.8,6.5,0.9,5.95,7.67,12.1,9.88,0
2165,Hyderabad,Madhapur,Apartment,3,1583,3,18,5,Gym|Visitor Parking|Fire Safety|CCTV|Club House|Play Area|Parking|Intercom|Garden,9,17289596,1.3,4.0,2.6,8.3,4.05,4.06,12.75,8.4,0
2166,Surat,Katargam,Plot,0,2390,1,0,2,Fire Safety|Lift|Play Area|Gym|Jogging Track|Security|Swimming Pool,7,11322255,7.6,5.7,2.5,7.6,5.85,5.23,3.49,4.36,0
2167,Bangalore,HSR Layout,Plot,0,1567,1,0,30,Security|Club House|Gym|Jogging Track|Visitor Parking|Play Area|Parking|Fire Safety|CCTV,9,15537906,3.2,2.8,1.1,6.9,3.5,4.51,12.77,8.64,0
2168,Ahmedabad,Navrangpura,Villa,4,4105,4,0,6,Intercom|Jogging Track|Garden|Gym|Play Area|Visitor Parking|Security|Power Backup|Swimming Pool|Fire Safety|Parking,11,26858291,4.4,4.3,1.5,2.2,3.1,2.67,14.76,8.71,0
2169,Hyderabad,Kondapur,Apartment,1,929,1,29,25,Lift|Fire Safety|Jogging Track|Swimming Pool|Club House|Visitor Parking|Parking|Play Area|Garden,9,6563639,3.5,9.0,2.9,9.2,6.15,3.18,3.5,3.34,0
2170,Ahmedabad,Navrangpura,Commercial,0,1782,2,30,13,Visitor Parking|Gym|Club House|Security|Lift|CCTV|Parking|Intercom|Fire Safety|Power Backup|Play Area|Garden|Swimming Pool|Jogging Track,14,11328316,1.0,5.5,0.2,0.9,1.9,7.08,9.68,8.38,0
2171,Surat,Vesu,Villa,4,3297,4,0,1,Parking|Lift|Intercom|Security|Power Backup|Visitor Parking|Jogging Track|Club House|Fire Safety|Gym|Play Area|CCTV|Garden|Swimming Pool,14,21550137,7.8,8.0,5.0,3.9,6.17,3.53,8.98,6.25,0
2172,Mumbai,Andheri,Independent House,3,1548,3,11,23,Club House|Visitor Parking|Parking,3,24855666,5.7,2.8,4.7,2.0,3.8,4.6,10.89,7.75,0
2173,Delhi,Dwarka,Apartment,3,1232,3,16,27,Play Area|Garden|Power Backup|Lift|Parking,5,11426400,7.3,2.3,7.8,6.0,5.85,7.01,1.46,4.23,0
2174,Hyderabad,Kondapur,Commercial,0,618,2,21,13,,0,4413483,8.5,6.4,7.4,2.9,6.3,4.73,14.39,9.56,0
2175,Jaipur,C-Scheme,Independent House,2,1034,2,1,12,Club House|Swimming Pool|Intercom|Power Backup|Garden|Fire Safety|Lift|Security|Jogging Track|Visitor Parking|CCTV,11,5979267,4.0,9.2,9.0,7.8,7.5,4.21,5.16,4.69,0
2176,Delhi,Lajpat Nagar,Independent House,1,630,1,4,14,Jogging Track|Parking|CCTV|Swimming Pool|Gym|Intercom|Lift,7,8840657,7.0,6.5,8.4,3.9,6.45,3.74,4.31,4.03,0
2177,Kolkata,Ballygunge,Apartment,3,1037,3,7,22,Power Backup|Lift|Club House,3,5546233,2.5,0.3,4.8,4.4,3.0,3.27,12.44,7.85,0
2178,Ahmedabad,Bodakdev,Commercial,0,855,1,23,5,Club House|Power Backup|CCTV|Play Area|Lift|Swimming Pool,6,5125268,7.7,4.5,6.5,4.3,5.75,3.31,11.64,7.48,0
2179,Surat,Adajan,Plot,0,4656,1,0,18,Security|Lift|Play Area|Parking|Intercom|CCTV,6,18783723,9.9,0.2,8.4,8.0,6.62,5.83,12.87,9.35,0
2180,Chennai,Adyar,Villa,3,2766,3,0,22,Gym|Lift|Play Area|Intercom|Club House|Swimming Pool|CCTV,7,22099269,4.4,4.1,2.1,8.4,4.75,6.58,6.63,6.61,0
2181,Bangalore,Hebbal,Apartment,4,1396,4,30,25,CCTV|Parking|Intercom|Fire Safety|Swimming Pool|Jogging Track|Visitor Parking|Security|Gym,9,10418886,4.2,3.2,8.8,2.0,4.55,6.83,7.49,7.16,0
2182,Ahmedabad,Bodakdev,Commercial,0,2032,2,19,8,Club House|CCTV,2,12715040,0.3,7.2,5.9,6.9,5.08,5.99,14.61,10.3,0
2183,Delhi,Rohini,Independent House,3,1615,3,22,0,Lift,1,18910616,5.7,9.8,4.5,9.9,7.47,5.59,1.89,3.74,0
2184,Pune,Hadapsar,Plot,0,2355,1,0,11,CCTV|Intercom|Parking|Lift,4,14294394,9.1,7.4,2.8,7.9,6.8,6.87,10.76,8.81,0
2185,Delhi,Saket,Commercial,0,757,2,15,16,Gym|Club House|Play Area|Visitor Parking|Lift|Security|Swimming Pool|Parking|Garden|CCTV|Fire Safety|Intercom|Power Backup,13,11115837,2.5,7.7,9.2,6.6,6.5,7.41,10.16,8.79,0
2186,Delhi,Vasant Kunj,Apartment,2,1281,2,14,24,,0,18842971,0.5,6.0,1.6,6.3,3.6,2.26,13.32,7.79,0
2187,Hyderabad,Banjara Hills,Commercial,0,2876,3,1,16,Fire Safety|Swimming Pool|Power Backup|Parking|Club House|Play Area|Intercom|Lift|Security|CCTV,10,31219052,8.7,3.0,3.0,5.3,5.0,6.51,1.42,3.96,0
2188,Mumbai,Juhu,Villa,5,5958,5,0,21,Garden|CCTV|Parking|Play Area|Power Backup|Lift|Swimming Pool|Gym|Security,9,145101212,4.2,5.9,1.1,6.0,4.3,7.37,13.02,10.2,0
2189,Bangalore,Indiranagar,Plot,0,4010,1,0,0,Gym|Intercom|Parking|Fire Safety|Security|Swimming Pool|Power Backup|Play Area,8,61038538,8.0,9.9,4.2,6.7,7.2,7.29,4.93,6.11,0
2190,Hyderabad,Madhapur,Commercial,0,1862,3,20,5,Lift|Garden|Intercom|Play Area|Power Backup|Gym|Swimming Pool|CCTV|Jogging Track|Parking,10,17501779,9.3,1.4,1.6,8.8,5.28,3.29,9.35,6.32,0
2191,Surat,Adajan,Villa,3,5556,3,0,11,Gym|Parking|Intercom,3,25886049,5.7,4.1,8.2,7.0,6.25,3.5,6.27,4.88,0
2192,Ahmedabad,Bodakdev,Villa,4,3784,4,0,12,Parking|Visitor Parking|Jogging Track|Lift|Gym,5,18739628,2.2,7.6,2.6,7.5,4.97,6.2,12.41,9.3,0
2193,Pune,Baner,Apartment,2,1247,2,12,26,Lift|Intercom|Visitor Parking|Parking|Swimming Pool|Garden|Power Backup|Security|CCTV|Fire Safety|Play Area,11,10237583,7.1,4.1,10.0,9.6,7.7,3.38,1.54,2.46,0
2194,Kolkata,Ballygunge,Commercial,0,2859,3,13,9,Swimming Pool|Parking|Garden|CCTV|Lift|Power Backup|Visitor Parking|Fire Safety|Jogging Track,9,22394604,2.6,6.0,3.9,1.7,3.55,4.46,9.68,7.07,0
2195,Mumbai,Juhu,Plot,0,4061,1,0,30,CCTV|Fire Safety|Club House|Parking|Security|Garden|Jogging Track,7,76436860,5.9,8.9,6.0,8.2,7.25,5.53,11.32,8.43,0
2196,Jaipur,Malviya Nagar,Villa,4,5711,4,0,27,Intercom|Fire Safety|Power Backup|Jogging Track|Play Area|Parking,6,26763132,7.8,0.1,1.2,2.5,2.9,3.04,8.33,5.69,0
2197,Chennai,Adyar,Villa,3,4481,3,0,6,Intercom|Jogging Track|Security|CCTV|Swimming Pool|Parking|Fire Safety|Visitor Parking|Gym,9,48132206,9.0,2.9,0.5,9.8,5.55,6.19,14.02,10.11,0
2198,Bangalore,Hebbal,Apartment,3,1232,3,27,1,Lift|Jogging Track|CCTV|Swimming Pool|Security|Fire Safety|Play Area|Gym|Power Backup|Intercom|Visitor Parking|Garden|Club House,13,12952398,8.4,4.7,0.3,6.1,4.88,4.61,5.58,5.1,0
2199,Kolkata,Park Street,Villa,5,2909,5,0,9,Gym|Garden|CCTV|Play Area|Parking|Fire Safety|Jogging Track|Swimming Pool|Power Backup|Club House|Intercom|Visitor Parking|Lift|Security,14,21963761,9.4,1.0,9.4,5.6,6.35,5.72,2.75,4.23,0
2200,Surat,Althan,Apartment,3,1411,3,17,4,Gym|Swimming Pool|Power Backup|Play Area|Garden|Security|Fire Safety|Intercom|Lift|Club House|CCTV|Jogging Track|Visitor Parking|Parking,14,7912759,1.5,7.6,9.2,6.4,6.17,6.63,12.89,9.76,0
2201,Mumbai,Powai,Villa,4,5820,4,0,8,Jogging Track,1,127813620,2.3,0.7,1.9,6.6,2.88,3.89,6.67,5.28,0
2202,Mumbai,Bandra,Plot,0,4815,2,0,6,Parking|Swimming Pool|Power Backup|Garden|Gym|Security|Club House|CCTV|Lift|Visitor Parking,10,155768804,1.5,3.3,6.2,8.4,4.85,5.59,1.99,3.79,0
2203,Hyderabad,Jubilee Hills,Plot,0,2384,1,0,14,,0,24843589,7.3,8.1,8.5,3.1,6.75,7.08,5.01,6.04,0
2204,Surat,Adajan,Independent House,4,1641,4,0,14,Intercom|Club House|Parking|Security|Garden|Swimming Pool|Gym|CCTV|Play Area|Visitor Parking|Jogging Track,11,8238305,7.6,0.7,4.7,0.3,3.33,7.51,8.8,8.16,0
2205,Pune,Hinjewadi,Plot,0,2757,3,0,5,Intercom|CCTV|Garden|Swimming Pool|Lift|Jogging Track|Club House|Play Area|Parking|Gym|Visitor Parking|Fire Safety|Power Backup,13,28969279,3.4,5.4,0.8,7.4,4.25,2.57,13.53,8.05,0
2206,Ahmedabad,Prahlad Nagar,Independent House,4,1885,4,11,7,Play Area|Swimming Pool|Club House|Gym|Power Backup|CCTV|Fire Safety|Intercom|Parking,9,4025761,2.5,8.3,0.1,3.1,3.5,7.36,2.64,5.0,1
2207,Chennai,Anna Nagar,Villa,5,3025,5,0,5,Visitor Parking,1,24929319,6.8,5.9,3.9,1.6,4.55,7.64,11.24,9.44,0
2208,Hyderabad,Jubilee Hills,Independent House,4,1900,4,30,8,Jogging Track|Fire Safety|Gym|Play Area|Power Backup|Intercom|Visitor Parking|Swimming Pool|Security|Parking,10,21849959,7.0,0.9,9.0,2.8,4.92,4.62,9.4,7.01,0
2209,Hyderabad,Gachibowli,Independent House,4,1335,4,6,1,Security|CCTV|Power Backup|Lift|Play Area|Gym|Intercom|Club House|Fire Safety|Garden|Jogging Track|Parking|Swimming Pool|Visitor Parking,14,12038568,0.4,6.8,1.2,7.0,3.85,2.56,12.75,7.66,0
2210,Chennai,T Nagar,Apartment,1,702,1,21,27,Parking|Visitor Parking|Club House|Jogging Track|Swimming Pool|CCTV|Garden|Lift|Fire Safety|Play Area|Power Backup|Security|Gym|Intercom,14,6526537,4.0,1.9,1.2,5.9,3.25,4.42,5.13,4.78,0
2211,Ahmedabad,Satellite,Villa,3,4368,3,0,7,Power Backup|Play Area|Gym|Fire Safety|Visitor Parking|Lift|Garden|CCTV|Parking,9,25917002,7.3,9.6,0.6,5.3,5.7,7.35,11.82,9.59,0
2212,Hyderabad,Banjara Hills,Plot,0,1320,2,0,12,Swimming Pool|CCTV|Visitor Parking|Garden|Security|Lift|Club House|Power Backup|Jogging Track|Play Area|Intercom,11,15528260,4.1,2.5,7.0,5.8,4.85,7.54,6.09,6.81,0
2213,Mumbai,Andheri,Plot,0,1403,3,0,17,Gym|Parking|Garden|Power Backup,4,22601032,9.1,0.1,9.1,5.2,5.87,2.29,13.99,8.14,0
2214,Mumbai,Juhu,Villa,3,5045,3,0,12,Club House|Gym|Garden,3,141124951,7.3,8.9,0.9,6.3,5.85,3.6,1.11,2.35,0
2215,Jaipur,Ajmer Road,Apartment,1,710,1,18,1,Swimming Pool|Parking|Gym|Security|Jogging Track|Visitor Parking|Garden|Fire Safety|CCTV,9,3366371,3.4,6.9,7.7,4.6,5.65,4.23,7.54,5.88,0
2216,Surat,Katargam,Villa,3,3329,3,0,12,,0,12178943,7.2,4.3,1.3,9.7,5.62,4.09,12.41,8.25,0
2217,Ahmedabad,Prahlad Nagar,Independent House,3,1279,3,20,18,Gym|Garden,2,7084825,5.6,6.0,6.9,9.3,6.95,3.35,2.27,2.81,0
2218,Jaipur,Vaishali Nagar,Commercial,0,794,3,17,19,Garden|Play Area|Fire Safety|Intercom|Security|Lift,6,3763498,8.5,7.6,4.0,4.1,6.05,7.2,9.36,8.28,0
2219,Pune,Kharadi,Apartment,4,1831,4,15,1,Jogging Track|Club House|Visitor Parking|Gym|Security,5,17317262,4.1,8.1,8.4,3.1,5.93,4.54,7.27,5.9,0
2220,Chennai,Porur,Villa,4,5126,4,0,0,Security|Garden,2,42880574,0.6,5.0,0.3,3.7,2.4,3.19,1.06,2.12,0
2221,Ahmedabad,Satellite,Apartment,4,1708,4,25,3,Club House|Gym|Garden|Intercom|Power Backup,5,10233096,3.7,1.8,3.0,2.1,2.65,5.54,5.31,5.42,0
2222,Surat,Katargam,Apartment,4,1470,4,23,23,Security|Swimming Pool|Play Area|Garden|Power Backup,5,4603860,3.2,4.6,5.7,7.4,5.22,6.55,14.05,10.3,0
2223,Surat,Althan,Plot,0,4361,3,0,29,Fire Safety|Jogging Track|Club House|CCTV,4,15631453,3.3,8.9,5.5,1.9,4.9,3.93,9.5,6.71,0
2224,Chennai,Adyar,Plot,0,4043,3,0,30,,0,30699766,4.7,7.7,9.7,9.9,8.0,6.16,12.87,9.52,0
2225,Delhi,Lajpat Nagar,Independent House,2,1238,2,0,25,Swimming Pool|CCTV|Parking|Jogging Track|Gym|Garden|Club House|Security|Fire Safety|Intercom,10,15696884,8.2,6.9,6.0,4.8,6.48,6.72,2.87,4.79,0
2226,Surat,Piplod,Independent House,3,1040,3,5,27,Parking|Garden|Security|Fire Safety|Club House|Power Backup|CCTV|Lift,8,4089558,6.5,2.6,4.4,9.2,5.67,5.73,10.93,8.33,0
2227,Hyderabad,Jubilee Hills,Independent House,2,823,2,4,7,Parking|Gym|CCTV|Swimming Pool|Lift|Visitor Parking|Play Area|Security|Jogging Track|Power Backup,10,10138558,8.0,5.2,2.9,2.1,4.55,3.78,10.24,7.01,0
2228,Surat,Althan,Commercial,0,911,3,0,25,Power Backup|Garden|Visitor Parking|Swimming Pool|Jogging Track|Lift|CCTV|Play Area|Security|Gym,10,3431441,4.4,4.4,6.9,6.2,5.48,3.21,14.43,8.82,0
2229,Delhi,Dwarka,Apartment,4,1491,4,7,6,Parking|Fire Safety|Club House|Play Area|Visitor Parking|CCTV|Power Backup|Security|Jogging Track|Garden,10,19926894,9.4,4.1,7.3,7.0,6.95,2.2,6.58,4.39,0
2230,Chennai,Porur,Apartment,4,1203,4,6,17,Gym|Security|Club House|Fire Safety|Garden,5,8636725,1.7,5.0,3.0,6.3,4.0,2.51,12.54,7.52,0
2231,Ahmedabad,Prahlad Nagar,Apartment,2,1259,2,15,8,,0,7746350,8.7,4.7,7.6,5.1,6.53,4.57,6.88,5.72,0
2232,Pune,Hadapsar,Apartment,4,1363,4,0,26,,0,6735683,4.0,8.0,6.6,3.6,5.55,7.08,12.33,9.71,0
2233,Kolkata,Park Street,Plot,0,1381,2,0,18,Lift|Garden|CCTV|Power Backup|Jogging Track|Security|Swimming Pool,7,8602391,2.2,5.9,7.7,6.8,5.65,6.49,12.74,9.62,0
2234,Chennai,Adyar,Apartment,3,1613,3,29,22,Club House|Gym|CCTV|Jogging Track|Garden|Play Area|Visitor Parking|Fire Safety,8,17211747,7.0,6.6,1.4,4.2,4.8,7.23,5.15,6.19,0
2235,Bangalore,Whitefield,Villa,5,3907,5,0,28,Swimming Pool|Parking|Fire Safety|Visitor Parking|Intercom|CCTV,6,30133178,0.7,8.7,1.0,6.2,4.15,5.37,5.75,5.56,0
2236,Chennai,Anna Nagar,Apartment,1,693,1,21,14,Jogging Track|Fire Safety|Parking|Visitor Parking|Security|Intercom,6,6502662,3.0,5.0,1.7,8.9,4.65,5.82,5.77,5.79,0
2237,Ahmedabad,Thaltej,Plot,0,1326,3,0,24,Intercom|Parking|Visitor Parking|Security|Power Backup|Fire Safety|CCTV|Gym,8,6789523,5.5,8.5,0.7,5.2,4.97,4.31,2.08,3.19,0
2238,Hyderabad,Madhapur,Commercial,0,2931,2,12,9,Jogging Track|CCTV|Visitor Parking|Intercom|Lift|Club House|Gym,7,26593350,3.2,4.3,4.4,2.7,3.65,6.65,6.42,6.54,0
2239,Jaipur,Malviya Nagar,Apartment,4,1357,4,6,12,Swimming Pool|Gym|Intercom|Visitor Parking|CCTV|Parking|Club House|Play Area|Security|Garden|Fire Safety|Power Backup,12,8180280,3.2,9.0,7.3,6.8,6.58,4.44,4.89,4.67,0
2240,Ahmedabad,Thaltej,Plot,0,3441,2,0,24,Garden|Power Backup|Fire Safety|Swimming Pool|Parking|Lift|Visitor Parking|Security|CCTV|Gym|Intercom|Club House,12,18207982,4.5,5.2,8.1,8.1,6.47,7.14,5.08,6.11,0
2241,Mumbai,Powai,Apartment,4,1591,4,11,8,Swimming Pool|Parking|Visitor Parking|Lift|Play Area,5,34872816,7.7,5.9,4.7,3.0,5.33,2.86,12.87,7.86,0
2242,Hyderabad,Gachibowli,Commercial,0,1965,3,13,0,Visitor Parking|Security|Garden|Power Backup|Gym|Swimming Pool|Play Area|CCTV,8,18788732,4.1,0.5,6.2,8.1,4.72,3.61,13.83,8.72,0
2243,Jaipur,Mansarovar,Apartment,2,823,2,25,22,Jogging Track|Gym|Intercom|CCTV|Fire Safety,5,3181221,9.8,7.8,2.8,0.7,5.28,3.61,9.1,6.35,0
2244,Surat,Piplod,Apartment,4,1810,4,15,27,Fire Safety|CCTV|Power Backup|Parking|Lift|Garden|Play Area|Visitor Parking|Jogging Track|Gym|Swimming Pool|Security|Intercom,13,6914178,5.3,3.0,9.1,4.6,5.5,4.12,11.78,7.95,0
2245,Ahmedabad,Prahlad Nagar,Commercial,0,358,3,10,15,Play Area|Security|CCTV|Lift|Gym|Garden|Jogging Track|Swimming Pool|Intercom|Visitor Parking,10,666420,7.2,2.5,1.5,8.7,4.97,7.14,12.22,9.68,1
2246,Delhi,Vasant Kunj,Commercial,0,2759,1,10,16,CCTV|Gym|Power Backup|Security,4,39136698,1.5,2.3,5.6,4.4,3.45,4.76,5.0,4.88,0
2247,Kolkata,Ballygunge,Independent House,3,1116,3,21,9,Intercom,1,7919545,7.4,9.9,6.9,7.2,7.85,3.21,8.01,5.61,0
2248,Bangalore,Hebbal,Independent House,4,1913,4,16,25,Swimming Pool|CCTV|Club House|Parking,4,12602046,7.7,1.7,8.9,0.3,4.65,5.86,11.12,8.49,0
2249,Kolkata,Alipore,Independent House,2,1035,2,13,26,Lift|Intercom|Security|Swimming Pool|Power Backup|Jogging Track|Gym,7,6887431,1.8,5.9,6.6,6.4,5.18,6.09,6.2,6.14,0
2250,Jaipur,Vaishali Nagar,Plot,0,4901,1,0,9,Parking|Club House|Garden|Jogging Track|CCTV|Lift|Visitor Parking|Intercom|Power Backup|Play Area|Gym|Swimming Pool,12,23616094,2.4,4.6,1.4,6.5,3.73,2.71,9.75,6.23,0
2251,Surat,Adajan,Villa,3,3667,3,0,15,Fire Safety|CCTV|Gym|Jogging Track|Club House|Garden|Lift|Visitor Parking|Intercom|Power Backup,10,17737788,4.5,6.7,5.5,8.1,6.2,7.91,9.13,8.52,0
2252,Chennai,Anna Nagar,Plot,0,4246,2,0,10,Security|CCTV|Intercom|Swimming Pool|Jogging Track,5,38948280,6.9,8.4,7.5,4.6,6.85,2.4,9.16,5.78,0
2253,Pune,Wakad,Commercial,0,537,3,18,9,Intercom|CCTV|Jogging Track|Play Area|Club House,5,3557927,8.3,2.1,2.6,5.1,4.53,4.47,8.35,6.41,0
2254,Bangalore,Koramangala,Plot,0,4065,1,0,4,CCTV|Club House|Play Area,3,59612439,1.1,6.3,6.7,0.3,3.6,7.1,11.34,9.22,0
2255,Jaipur,Ajmer Road,Apartment,2,1275,2,18,20,Intercom|Fire Safety|Play Area|Club House|Swimming Pool|Visitor Parking|Parking|Jogging Track|Gym|Security|Garden|CCTV,12,5645696,7.6,9.7,0.4,1.2,4.72,4.73,2.85,3.79,0
2256,Ahmedabad,Satellite,Commercial,0,2572,1,12,17,Security|Fire Safety|Lift|Intercom|Club House|Jogging Track|Power Backup|Gym|Swimming Pool,9,13661130,0.4,4.9,4.6,6.1,4.0,7.17,11.96,9.57,0
2257,Hyderabad,Gachibowli,Independent House,3,1456,3,0,25,Power Backup|Security|Jogging Track|Swimming Pool|Parking|Visitor Parking|Play Area,7,11923056,3.4,0.4,8.4,3.2,3.85,6.06,1.46,3.76,0
2258,Bangalore,Koramangala,Commercial,0,2259,3,19,21,Jogging Track|Security|Intercom|Lift|Play Area|CCTV|Gym|Parking|Club House|Fire Safety|Swimming Pool|Power Backup|Garden|Visitor Parking,14,30278208,8.9,9.5,6.5,7.0,7.97,6.52,14.11,10.31,0
2259,Pune,Hinjewadi,Villa,4,5436,4,0,3,Play Area|Visitor Parking|Club House|Intercom|CCTV,5,50936909,0.4,6.4,8.8,4.5,5.03,4.68,1.75,3.21,0
2260,Bangalore,Whitefield,Independent House,3,1365,3,13,16,Lift|Club House|Power Backup|CCTV,4,12821152,0.2,7.6,2.3,7.7,4.45,6.35,6.98,6.67,0
2261,Chennai,Anna Nagar,Apartment,4,1423,4,30,4,Garden|Power Backup|Security|Visitor Parking|Intercom|Jogging Track|Swimming Pool|Parking|Lift,9,14155379,3.7,7.1,1.6,9.1,5.38,6.02,10.28,8.15,0
2262,Hyderabad,Banjara Hills,Commercial,0,1911,3,24,23,Jogging Track|Gym|Parking,3,19441577,0.9,5.6,9.2,6.6,5.57,5.86,14.94,10.4,0
2263,Hyderabad,Gachibowli,Villa,4,2541,4,0,12,Jogging Track|Garden|Swimming Pool|Intercom|Visitor Parking|Lift|Security|Play Area|Power Backup|CCTV|Gym|Fire Safety|Club House,13,23721078,7.9,8.5,7.1,3.9,6.85,6.36,5.84,6.1,0
2264,Surat,Katargam,Commercial,0,1460,3,2,29,Power Backup|Lift|Jogging Track|CCTV|Swimming Pool|Club House|Play Area|Security|Gym|Parking,10,1197816,1.6,1.7,5.1,0.9,2.32,5.39,2.01,3.7,1
2265,Chennai,Anna Nagar,Villa,4,4040,4,0,21,Club House|Jogging Track|Gym|CCTV|Lift|Intercom|Security,7,31497661,8.1,2.9,7.4,1.3,4.92,6.86,13.03,9.95,0
2266,Jaipur,Mansarovar,Independent House,2,1297,2,6,24,Gym|Visitor Parking|Parking|Club House|Garden|Fire Safety|Play Area|CCTV|Swimming Pool|Intercom|Power Backup|Security|Jogging Track|Lift,14,4933323,6.0,3.8,4.2,4.4,4.6,2.47,2.95,2.71,0
2267,Pune,Wakad,Villa,4,3224,4,0,25,Gym|Parking|Visitor Parking|Jogging Track|Security|Lift|Fire Safety|Power Backup|Swimming Pool|CCTV|Intercom|Play Area|Club House|Garden,14,22538936,6.2,0.2,4.7,4.5,3.9,2.43,3.1,2.77,0
2268,Chennai,Velachery,Plot,0,1785,2,0,9,,0,11603045,2.1,7.8,3.5,4.6,4.5,7.11,13.71,10.41,0
2269,Kolkata,Park Street,Villa,4,2230,4,0,3,Club House|Security|Power Backup|Parking|Fire Safety|Visitor Parking|Swimming Pool|Lift,8,15720586,7.5,7.4,6.4,8.9,7.55,5.8,5.98,5.89,0
2270,Bangalore,Whitefield,Plot,0,4393,2,0,27,Lift|Visitor Parking|Swimming Pool|Fire Safety|CCTV|Gym|Intercom|Jogging Track|Play Area|Parking|Power Backup|Security|Club House|Garden,14,43387624,7.2,2.1,9.4,9.7,7.1,6.68,13.96,10.32,0
2271,Chennai,Adyar,Plot,0,4741,1,0,5,Intercom|Security|CCTV|Gym|Lift|Power Backup|Visitor Parking|Swimming Pool,8,55533868,9.3,2.8,7.3,7.0,6.6,4.24,7.75,6.0,0
2272,Surat,Vesu,Villa,4,2560,4,0,3,Jogging Track|Visitor Parking|CCTV|Power Backup,4,14787739,4.7,8.2,2.1,1.3,4.07,6.13,5.05,5.59,0
2273,Surat,Katargam,Independent House,2,1025,2,15,20,Club House|Swimming Pool|Intercom|Security|Gym|Jogging Track,6,2998465,5.0,0.6,7.2,5.4,4.55,7.79,2.2,5.0,0
2274,Hyderabad,Jubilee Hills,Apartment,3,1094,3,30,2,Security|Club House|Power Backup|Intercom,4,13041371,6.3,9.5,0.1,8.0,5.97,2.47,7.39,4.93,0
2275,Mumbai,Borivali,Plot,0,3422,2,0,9,Garden|Visitor Parking,2,62721961,0.5,6.4,6.5,0.0,3.35,7.18,12.51,9.84,0
2276,Hyderabad,Gachibowli,Apartment,3,1269,3,5,22,Security|Gym|Club House|Visitor Parking|Play Area|Parking|Fire Safety|CCTV|Swimming Pool|Lift|Power Backup,11,10000408,9.8,6.9,3.4,7.0,6.78,6.05,13.82,9.94,0
2277,Bangalore,Whitefield,Independent House,1,649,1,9,25,Gym|Club House,2,6356944,0.4,3.2,2.6,7.4,3.4,5.4,1.27,3.33,0
2278,Kolkata,Ballygunge,Villa,3,2952,3,0,4,Fire Safety|Parking,2,22957952,0.3,3.2,8.7,5.9,4.53,3.11,3.47,3.29,0
2279,Pune,Wakad,Villa,5,2025,5,0,3,Jogging Track|CCTV|Gym|Swimming Pool|Play Area|Security|Lift|Power Backup|Parking|Visitor Parking,10,18099438,1.0,2.3,1.7,1.8,1.7,4.27,14.62,9.45,0
2280,Hyderabad,Gachibowli,Villa,5,3882,5,0,10,Fire Safety|Club House|Play Area|Lift|Garden|Parking|Security|Intercom|Swimming Pool|Jogging Track|Power Backup|CCTV|Visitor Parking,13,34653265,4.3,0.0,2.6,5.1,3.0,4.58,4.75,4.67,0
2281,Mumbai,Thane,Commercial,0,1760,1,13,24,Play Area|Fire Safety|Power Backup|Visitor Parking|Security|Lift|Garden,7,23433659,4.7,2.3,4.0,7.7,4.67,4.01,3.49,3.75,0
2282,Kolkata,Ballygunge,Independent House,3,1576,3,27,2,Power Backup|Visitor Parking|Club House|Parking,4,12217332,2.5,6.4,0.6,9.2,4.67,4.5,2.47,3.49,0
2283,Ahmedabad,Prahlad Nagar,Villa,3,5112,3,0,27,Jogging Track|Garden|Parking|Lift|Power Backup|Play Area|Club House|Security|Visitor Parking,9,30086304,2.3,2.1,5.8,6.9,4.28,7.56,2.78,5.17,0
2284,Surat,Althan,Independent House,2,878,2,9,6,Jogging Track|Visitor Parking|Club House|Power Backup|CCTV|Parking|Lift|Gym|Intercom|Security|Fire Safety|Play Area|Swimming Pool|Garden,14,4679482,7.4,5.5,2.2,2.7,4.45,7.64,5.01,6.32,0
2285,Jaipur,C-Scheme,Commercial,0,2057,1,21,18,,0,9958279,1.0,7.3,1.5,5.7,3.88,5.54,4.31,4.92,0
2286,Surat,Althan,Apartment,4,1298,4,11,27,Play Area|Intercom|Swimming Pool,3,4028764,9.0,5.2,2.0,4.6,5.2,2.18,1.32,1.75,0
2287,Hyderabad,Kondapur,Villa,4,2282,4,0,15,Parking|Visitor Parking|Gym|Swimming Pool|Lift|Intercom|Club House|Power Backup|Security|CCTV|Jogging Track,11,15153509,1.4,7.3,5.7,1.2,3.9,7.88,14.71,11.29,0
2288,Kolkata,New Town,Commercial,0,1519,2,12,5,Play Area|Lift|Parking|CCTV|Jogging Track,5,9539514,7.0,3.4,4.1,9.2,5.92,3.15,2.52,2.83,0
2289,Bangalore,Hebbal,Commercial,0,2882,2,0,6,Fire Safety|CCTV|Lift|Intercom|Swimming Pool|Visitor Parking,6,23563335,4.1,9.1,7.2,5.7,6.52,2.53,6.74,4.63,0
2290,Mumbai,Juhu,Commercial,0,1218,1,10,7,Swimming Pool|Gym|Fire Safety|Club House|Jogging Track|Parking|Garden|Play Area|Lift,9,29434607,4.0,7.2,5.7,2.7,4.9,5.51,11.66,8.59,0
2291,Delhi,Rohini,Villa,3,4029,3,0,8,Power Backup|Play Area|Club House,3,42514892,6.6,2.1,6.9,5.3,5.22,2.6,1.64,2.12,0
2292,Surat,Althan,Independent House,1,631,1,30,2,Club House|Power Backup|CCTV|Security|Gym|Swimming Pool|Lift|Visitor Parking|Jogging Track|Garden|Play Area|Fire Safety|Intercom,13,3872168,7.1,6.6,0.8,0.2,3.67,7.09,10.19,8.64,0
2293,Bangalore,Koramangala,Villa,5,5217,5,0,27,Swimming Pool|Club House|Intercom|Gym|Fire Safety|Play Area,6,58103337,1.4,9.5,7.7,2.6,5.3,7.37,14.08,10.72,0
2294,Chennai,Adyar,Independent House,2,830,2,6,10,Swimming Pool|Club House|Gym,3,8620725,5.7,6.7,4.9,9.4,6.68,5.55,3.88,4.71,0
2295,Jaipur,Mansarovar,Apartment,1,765,1,25,15,Fire Safety,1,3272205,0.9,5.0,2.0,1.4,2.33,6.23,9.16,7.7,0
2296,Chennai,Anna Nagar,Villa,4,5600,4,0,21,Gym|Parking|Intercom|Jogging Track|Swimming Pool|Lift|CCTV|Fire Safety|Power Backup|Play Area|Security|Visitor Parking|Garden,13,45132096,9.1,9.3,0.8,9.3,7.12,3.28,7.11,5.2,0
2297,Jaipur,C-Scheme,Plot,0,3917,2,0,27,Security|CCTV|Swimming Pool|Fire Safety|Intercom|Jogging Track,6,20499130,6.4,3.0,9.7,6.6,6.43,4.27,11.95,8.11,0
2298,Chennai,T Nagar,Villa,5,3043,5,0,3,Lift|Gym|Swimming Pool|Security|Jogging Track,5,29667772,2.2,0.5,6.0,4.3,3.25,5.97,6.44,6.21,0
2299,Kolkata,Alipore,Independent House,3,1345,3,5,10,Visitor Parking|Play Area,2,10404257,3.1,0.8,1.4,3.6,2.23,4.92,12.32,8.62,0
2300,Ahmedabad,Thaltej,Commercial,0,2746,3,19,8,Intercom|Garden|Club House|Jogging Track|CCTV|Lift|Security|Gym,8,15392540,1.1,9.9,7.0,3.4,5.35,4.71,14.15,9.43,0
2301,Kolkata,New Town,Independent House,3,1516,3,9,28,Fire Safety|Parking,2,6375760,7.2,4.6,3.9,1.3,4.25,5.92,6.67,6.29,0
2302,Mumbai,Powai,Plot,0,865,2,0,0,Gym|Swimming Pool|Lift|Play Area|Jogging Track|Visitor Parking|Security|Fire Safety|Power Backup|CCTV,10,24032133,9.6,8.6,2.6,7.9,7.18,5.07,11.89,8.48,0
2303,Delhi,Dwarka,Apartment,4,1618,4,17,19,,0,15506833,9.9,8.0,1.0,1.4,5.07,2.84,7.6,5.22,0
2304,Bangalore,Whitefield,Commercial,0,755,1,11,27,Play Area|Parking|Visitor Parking|Security|Jogging Track|Intercom|CCTV|Swimming Pool|Club House|Lift|Garden|Fire Safety,12,1879092,2.8,3.3,1.6,1.9,2.4,8.0,9.27,8.63,1
2305,Chennai,Anna Nagar,Apartment,3,1094,3,1,23,Intercom|Lift|Power Backup|CCTV|Swimming Pool|Security|Garden|Club House|Gym|Jogging Track|Play Area|Fire Safety,12,8954033,8.3,9.5,3.1,3.2,6.03,6.68,7.2,6.94,0
2306,Bangalore,Whitefield,Commercial,0,2725,1,29,26,,0,20212838,4.4,1.2,7.0,6.6,4.8,7.74,8.79,8.27,0
2307,Mumbai,Borivali,Plot,0,2768,1,0,4,Intercom|Gym|Swimming Pool|Visitor Parking|Lift|Jogging Track|CCTV|Club House|Garden|Parking|Fire Safety|Security|Play Area|Power Backup,14,54650316,1.3,7.6,7.6,1.0,4.38,5.93,5.03,5.48,0
2308,Jaipur,Mansarovar,Plot,0,3157,3,0,28,Parking|Intercom|Gym|Fire Safety|Swimming Pool|Visitor Parking|Security|Jogging Track|Power Backup|CCTV,10,12367672,5.0,9.1,6.4,9.7,7.55,6.04,4.18,5.11,0
2309,Jaipur,Ajmer Road,Apartment,2,849,2,7,26,CCTV|Jogging Track|Visitor Parking|Power Backup|Lift|Security|Club House|Fire Safety|Play Area|Gym,10,3380048,3.3,3.2,3.4,4.9,3.7,4.23,9.01,6.62,0
2310,Mumbai,Borivali,Independent House,2,1094,2,28,23,,0,15738661,6.0,4.3,6.4,6.9,5.9,4.16,3.15,3.66,0
2311,Surat,Althan,Plot,0,921,2,0,2,Gym|Club House|Garden|Visitor Parking|Power Backup|Security|Intercom|CCTV|Parking|Jogging Track|Play Area,11,4619342,0.8,3.2,4.4,0.9,2.33,3.34,10.29,6.81,0
2312,Delhi,Vasant Kunj,Commercial,0,2560,1,4,11,Play Area|Gym|Intercom,3,45005032,4.8,4.0,6.1,6.4,5.33,7.09,5.14,6.12,0
2313,Chennai,Porur,Plot,0,2277,2,0,25,Visitor Parking|Gym|Intercom|Lift|Parking|Security|CCTV|Power Backup|Swimming Pool|Garden|Club House|Jogging Track|Fire Safety|Play Area,14,15143487,4.5,1.3,1.1,3.3,2.55,3.48,13.22,8.35,0
2314,Surat,Adajan,Independent House,3,1322,3,14,9,CCTV|Gym|Club House|Parking|Power Backup|Jogging Track|Visitor Parking|Swimming Pool|Play Area|Intercom|Garden|Lift|Fire Safety,13,7157183,7.6,2.2,1.4,7.9,4.78,6.05,5.08,5.56,0
2315,Bangalore,Whitefield,Apartment,3,1550,3,29,25,Intercom|Club House,2,12816706,2.8,9.1,1.4,4.4,4.42,3.1,13.34,8.22,0
2316,Surat,Althan,Apartment,4,1361,4,3,15,Parking|CCTV|Fire Safety|Jogging Track,4,4975091,0.9,4.6,9.3,1.8,4.15,2.72,10.58,6.65,0
2317,Surat,Vesu,Plot,0,3933,3,0,6,Fire Safety|Gym|Club House|Security|Parking|Garden|Visitor Parking,7,19758321,1.2,2.3,1.6,0.5,1.4,5.19,14.13,9.66,0
2318,Pune,Hinjewadi,Villa,3,2169,3,0,13,Play Area,1,18128779,1.1,2.4,2.4,3.7,2.4,3.35,9.46,6.41,0
2319,Delhi,Lajpat Nagar,Apartment,1,629,1,20,0,Jogging Track|CCTV,2,9520616,4.3,3.8,1.8,3.4,3.33,6.29,10.48,8.38,0
2320,Ahmedabad,Bodakdev,Commercial,0,1809,2,19,9,,0,9729400,5.8,6.2,9.0,2.3,5.83,3.71,11.91,7.81,0
2321,Hyderabad,Gachibowli,Villa,3,4954,3,0,20,Power Backup|Fire Safety|Intercom|Swimming Pool|Lift|Garden|Club House|Parking|Security|Visitor Parking,10,39413495,4.4,7.8,1.2,3.0,4.1,6.54,3.74,5.14,0
2322,Surat,Adajan,Apartment,4,1710,4,13,13,Club House|Garden|Gym|Visitor Parking|Parking|Power Backup|Fire Safety|Jogging Track|Swimming Pool|Intercom|Play Area,11,8675469,8.2,6.5,4.8,0.5,5.0,5.97,12.16,9.06,0
2323,Surat,Adajan,Villa,3,3814,3,0,2,Swimming Pool|Club House|Power Backup|Play Area|Intercom|Jogging Track|Gym|Security|Garden|Visitor Parking,10,20605049,2.0,2.5,1.5,6.8,3.2,2.74,5.98,4.36,0
2324,Bangalore,Koramangala,Villa,4,4130,4,0,20,Garden|Club House|Security|Power Backup|Swimming Pool|CCTV|Lift|Visitor Parking,8,53383672,3.1,0.2,0.3,7.5,2.77,4.72,5.71,5.21,0
2325,Hyderabad,Jubilee Hills,Commercial,0,2612,3,4,27,Jogging Track|Fire Safety|Swimming Pool,3,23689113,2.6,3.4,6.6,5.0,4.4,4.28,9.58,6.93,0
2326,Bangalore,Indiranagar,Commercial,0,1356,1,15,21,Security|Visitor Parking|Play Area|Power Backup|Club House|Garden|Swimming Pool|Parking,8,13150344,9.2,1.4,0.9,7.8,4.83,6.0,1.42,3.71,0
2327,Kolkata,Park Street,Villa,5,5305,5,0,12,Parking|Club House|Power Backup|Security,4,32105558,3.7,8.1,4.9,9.9,6.65,3.9,5.84,4.87,0
2328,Hyderabad,Kondapur,Independent House,4,1521,4,29,24,CCTV|Power Backup|Club House|Lift|Intercom|Visitor Parking,6,9992345,5.9,1.6,2.8,8.0,4.58,3.73,6.15,4.94,0
2329,Delhi,Dwarka,Independent House,4,1840,4,4,10,,0,17948875,5.8,9.7,4.2,3.8,5.88,7.57,13.02,10.29,0
2330,Bangalore,Koramangala,Plot,0,1835,2,0,28,Jogging Track|Power Backup|Parking|CCTV|Security|Garden,6,21134687,6.1,5.8,2.2,6.8,5.22,3.62,2.94,3.28,0
2331,Bangalore,Hebbal,Apartment,3,1447,3,27,25,Garden|Gym|Parking|Jogging Track|Security|Lift|Power Backup|CCTV|Intercom|Visitor Parking,10,12059682,3.4,4.9,5.7,8.6,5.65,2.82,2.63,2.72,0
2332,Jaipur,C-Scheme,Apartment,4,1224,4,6,7,CCTV|Intercom|Parking|Swimming Pool|Lift|Power Backup|Jogging Track|Club House|Play Area|Garden,10,8657698,7.3,1.6,0.6,5.7,3.8,6.22,5.43,5.82,0
2333,Kolkata,Ballygunge,Plot,0,4447,1,0,12,Club House|Play Area|Security,3,30506890,8.5,7.8,8.1,4.3,7.17,2.03,1.94,1.98,0
2334,Bangalore,Whitefield,Apartment,1,946,1,16,9,Lift|Parking|Club House|Fire Safety|Intercom|Security|CCTV|Jogging Track,8,11238549,8.5,6.8,3.8,9.5,7.15,5.06,14.14,9.6,0
2335,Jaipur,Ajmer Road,Plot,0,4885,3,0,23,Swimming Pool|Jogging Track|Security|Club House|Gym|Garden|Lift|Power Backup|Parking|Visitor Parking,10,18840622,6.0,0.2,9.9,9.2,6.33,3.68,11.01,7.34,0
2336,Mumbai,Bandra,Villa,3,3942,3,0,19,Visitor Parking|Swimming Pool|CCTV|Security|Garden,5,105697221,6.5,8.9,0.0,1.1,4.12,3.99,6.48,5.24,0
2337,Ahmedabad,Prahlad Nagar,Commercial,0,2930,1,17,28,,0,14042540,5.2,5.1,6.4,7.3,6.0,2.21,4.57,3.39,0
2338,Delhi,Dwarka,Independent House,1,739,1,7,2,Club House|Fire Safety|Intercom|Garden|Swimming Pool,5,8904364,8.3,1.9,6.3,1.0,4.38,5.09,4.04,4.56,0
2339,Chennai,Porur,Independent House,3,1517,3,1,6,,0,9671881,0.1,9.2,5.2,3.2,4.42,3.69,2.54,3.12,0
2340,Ahmedabad,Thaltej,Independent House,1,646,1,30,29,Gym|Parking|Power Backup|Play Area|Swimming Pool|Club House|Security|Jogging Track|Garden,9,2787153,0.9,3.7,9.3,4.2,4.53,6.79,14.69,10.74,0
2341,Delhi,Dwarka,Commercial,0,2639,2,26,26,Power Backup|Garden|CCTV|Intercom|Security|Jogging Track,6,25159476,0.7,8.7,7.2,8.6,6.3,4.0,14.71,9.36,0
2342,Hyderabad,Madhapur,Villa,4,4720,4,0,20,Swimming Pool|CCTV|Garden|Club House|Jogging Track|Power Backup|Parking|Lift,8,39770969,3.6,2.4,2.5,6.6,3.77,6.62,8.13,7.38,0
2343,Chennai,T Nagar,Plot,0,4078,3,0,4,Power Backup,1,40103972,7.0,3.4,0.4,6.8,4.4,5.24,4.75,5.0,0
2344,Kolkata,Ballygunge,Commercial,0,2286,3,27,6,,0,18122108,7.8,0.1,7.9,3.4,4.8,2.95,12.56,7.76,0
2345,Bangalore,Indiranagar,Plot,0,4322,3,0,17,Play Area|Security|Lift|Garden|Swimming Pool|Fire Safety|Gym|CCTV|Parking|Club House|Intercom|Jogging Track,12,58359628,9.7,0.0,5.4,8.2,5.82,7.65,1.11,4.38,0
2346,Surat,Piplod,Villa,5,1865,5,0,20,Visitor Parking|Security|Intercom|Parking|Power Backup|CCTV|Jogging Track,7,7090251,7.5,7.6,1.2,7.6,5.97,3.75,5.47,4.61,0
2347,Ahmedabad,Thaltej,Plot,0,2425,1,0,24,Gym|Fire Safety|Power Backup|Swimming Pool|Parking|Play Area|Visitor Parking|Club House|Intercom,9,8791366,2.8,1.9,6.8,4.9,4.1,7.33,14.5,10.91,0
2348,Pune,Wakad,Plot,0,4647,1,0,24,Fire Safety|Visitor Parking|Jogging Track|Club House|Swimming Pool|Power Backup|CCTV|Security|Parking,9,34132836,4.3,7.7,4.0,4.6,5.15,3.78,9.5,6.64,0
2349,Kolkata,Alipore,Villa,3,4155,3,0,24,Gym|Fire Safety|CCTV|Garden,4,24131195,9.4,8.4,9.4,9.9,9.28,4.28,10.98,7.63,0
2350,Hyderabad,Kondapur,Commercial,0,1120,3,5,4,Swimming Pool|CCTV|Fire Safety|Lift|Security|Gym|Power Backup|Intercom|Parking|Garden|Visitor Parking|Play Area|Club House,13,9843315,7.6,3.3,7.9,5.9,6.17,2.5,14.23,8.37,0
2351,Mumbai,Thane,Apartment,1,635,1,12,22,Parking|Club House|Gym|Jogging Track|Intercom|Play Area|Fire Safety|Security|Power Backup|Lift|Swimming Pool|Garden|Visitor Parking,13,8218211,9.1,6.0,8.6,9.2,8.22,3.22,5.46,4.34,0
2352,Jaipur,Ajmer Road,Villa,4,5830,4,0,28,CCTV,1,16327824,2.8,4.0,5.7,8.2,5.17,4.31,14.58,9.45,0
2353,Jaipur,Mansarovar,Plot,0,3123,3,0,26,Visitor Parking|Parking|Gym,3,12293127,0.9,9.9,4.9,1.4,4.28,5.94,6.93,6.44,0
2354,Bangalore,Hebbal,Villa,4,5018,4,0,17,Lift|CCTV|Parking|Power Backup|Jogging Track,5,41749030,0.4,0.3,8.8,6.8,4.08,2.85,8.65,5.75,0
2355,Mumbai,Bandra,Independent House,4,1217,4,10,2,Gym|Intercom|Garden|Lift|Security|Parking|Power Backup|Fire Safety|CCTV,9,40177371,2.0,0.6,6.4,7.3,4.08,7.93,5.48,6.71,0
2356,Kolkata,New Town,Plot,0,2444,1,0,2,Gym|Fire Safety|Jogging Track|Visitor Parking|CCTV|Play Area|Security|Intercom|Lift|Power Backup|Club House|Parking|Garden|Swimming Pool,14,13094998,5.3,0.4,5.3,9.8,5.2,3.38,10.79,7.08,0
2357,Chennai,Anna Nagar,Independent House,2,1119,2,21,1,Jogging Track|Security|Gym|Lift|Visitor Parking|Power Backup|Club House|CCTV|Fire Safety,9,10508180,4.2,1.7,9.2,0.2,3.82,6.73,2.15,4.44,0
2358,Bangalore,Indiranagar,Commercial,0,573,2,27,27,CCTV|Lift|Power Backup|Visitor Parking|Jogging Track|Gym|Garden|Fire Safety|Swimming Pool|Intercom|Play Area|Security,12,6522782,6.8,9.5,6.7,7.4,7.6,2.05,9.58,5.81,0
2359,Ahmedabad,Satellite,Commercial,0,2134,3,16,9,Swimming Pool|Intercom,2,11351775,1.2,3.1,6.7,6.1,4.28,4.85,6.71,5.78,0
2360,Pune,Hinjewadi,Apartment,4,1697,4,13,15,Fire Safety|Swimming Pool|Intercom|Power Backup|Play Area|Club House|Parking|Garden|Lift|Jogging Track|Visitor Parking,11,15839908,2.4,5.4,9.1,6.7,5.9,2.15,11.2,6.67,0
2361,Kolkata,New Town,Plot,0,4089,1,0,18,Parking|Club House,2,20665896,4.4,8.3,5.1,5.7,5.88,6.13,7.27,6.7,0
2362,Kolkata,Salt Lake,Plot,0,3461,1,0,5,Play Area|CCTV|Fire Safety|Intercom|Visitor Parking|Gym|Power Backup|Parking,8,24522632,2.4,3.2,5.4,1.4,3.1,4.05,7.67,5.86,0
2363,Ahmedabad,Satellite,Plot,0,3443,3,0,26,Club House|Lift|Gym|Intercom|Security|Play Area|Garden,7,17889605,5.3,3.2,9.2,9.2,6.72,7.65,5.07,6.36,0
2364,Ahmedabad,Bodakdev,Plot,0,3500,2,0,17,Security|CCTV|Swimming Pool|Parking|Visitor Parking|Garden|Club House|Play Area|Gym,9,17519736,4.4,6.5,8.4,3.1,5.6,4.57,1.79,3.18,0
2365,Pune,Hinjewadi,Apartment,2,934,2,8,19,Play Area|Parking|Intercom|Power Backup|Jogging Track|Fire Safety|Garden|CCTV|Security|Gym|Swimming Pool,11,8971423,7.7,5.9,0.2,1.0,3.7,7.26,5.76,6.51,0
2366,Mumbai,Bandra,Commercial,0,1903,3,1,15,Parking|CCTV|Gym|Club House,4,53813712,6.0,1.5,1.8,2.3,2.9,3.13,9.47,6.3,0
2367,Delhi,Lajpat Nagar,Apartment,4,1372,4,28,1,,0,21142883,5.0,2.0,9.4,8.1,6.12,6.71,13.67,10.19,0
2368,Kolkata,New Town,Independent House,4,1572,4,7,15,Jogging Track|Play Area|Lift|Gym|Garden|Power Backup|Swimming Pool|Club House|CCTV|Parking|Fire Safety|Intercom,12,8378099,9.6,3.7,4.1,7.8,6.3,4.98,1.7,3.34,0
2369,Kolkata,Alipore,Plot,0,2506,2,0,20,Lift|Garden|Security|Fire Safety,4,16591185,0.7,3.8,4.3,5.5,3.58,5.22,12.52,8.87,0
2370,Pune,Hadapsar,Villa,5,3992,5,0,16,Visitor Parking|Lift|Intercom,3,24070487,2.3,9.4,3.5,5.5,5.17,4.57,3.24,3.91,0
2371,Kolkata,Ballygunge,Villa,4,5008,4,0,26,Intercom|Garden|Security|Parking,4,29266405,6.6,4.6,3.6,4.7,4.88,7.55,13.62,10.58,0
2372,Chennai,T Nagar,Villa,5,5146,5,0,24,CCTV|Intercom|Security|Play Area|Lift|Fire Safety|Jogging Track|Club House|Garden|Power Backup|Parking|Visitor Parking,12,48804935,0.2,7.2,3.1,8.0,4.62,4.17,11.09,7.63,0
2373,Surat,Vesu,Commercial,0,1402,2,14,5,Fire Safety|Gym|Visitor Parking|Power Backup|Security|Lift|Parking|Club House|Intercom|Swimming Pool|Jogging Track,11,7186181,4.5,9.1,4.9,1.4,4.97,7.83,5.41,6.62,0
2374,Pune,Hinjewadi,Villa,5,2034,5,0,2,Parking|Garden|Intercom|Visitor Parking|Swimming Pool|Play Area,6,17941688,1.3,7.0,0.0,9.9,4.55,2.14,3.59,2.87,0
2375,Jaipur,Vaishali Nagar,Independent House,2,975,2,7,28,Parking,1,4279322,6.0,7.7,6.9,6.8,6.85,6.95,11.51,9.23,0
2376,Surat,Katargam,Villa,3,2623,3,0,3,Security|Play Area,2,9645566,0.3,9.9,1.7,3.6,3.88,7.31,12.44,9.88,0
2377,Bangalore,Hebbal,Plot,0,3915,1,0,25,Garden|Swimming Pool|Jogging Track|Gym|Intercom|Fire Safety|Power Backup|Visitor Parking|Lift|Club House,10,27512939,6.8,3.5,3.4,0.8,3.63,5.79,7.04,6.42,0
2378,Mumbai,Borivali,Apartment,2,965,2,3,2,Play Area|Lift|Garden|Jogging Track|Fire Safety|Security|Power Backup,7,19729463,9.2,4.2,4.7,5.4,5.88,2.65,7.38,5.01,0
2379,Hyderabad,Kondapur,Independent House,4,1297,4,26,4,Swimming Pool|Play Area|Garden|Power Backup|Jogging Track|Club House|Parking|Intercom|Security|Visitor Parking|Gym|CCTV|Fire Safety,13,11045250,2.6,1.2,9.8,6.6,5.05,4.35,1.2,2.77,0
2380,Surat,Adajan,Plot,0,2717,1,0,19,Club House|Security|Gym|Visitor Parking|CCTV|Garden|Swimming Pool|Play Area|Intercom|Fire Safety|Jogging Track|Power Backup|Parking,13,14364775,3.3,6.2,5.9,1.4,4.2,6.93,13.8,10.37,0
2381,Kolkata,Ballygunge,Villa,5,2618,5,0,30,Visitor Parking|Security,2,15173843,2.3,7.8,9.2,5.3,6.15,2.23,8.03,5.13,0
2382,Delhi,Vasant Kunj,Villa,3,2989,3,0,11,Fire Safety|Security|Club House|Lift|Garden|Gym|Parking|Play Area|Swimming Pool,9,50156062,2.4,2.5,1.3,3.6,2.45,4.23,6.3,5.27,0
2383,Bangalore,Hebbal,Commercial,0,561,1,22,10,CCTV|Gym|Jogging Track|Lift,4,5541475,1.9,0.9,8.5,2.0,3.33,3.79,7.1,5.45,0
2384,Surat,Katargam,Villa,3,2112,3,0,21,Fire Safety|Parking|Play Area|CCTV|Power Backup|Jogging Track|Swimming Pool|Garden|Club House|Gym,10,6601365,4.1,6.8,1.1,6.7,4.67,4.81,2.77,3.79,0
2385,Pune,Hinjewadi,Plot,0,2550,1,0,16,Fire Safety,1,22345606,6.9,0.8,0.5,5.0,3.3,3.37,9.66,6.52,0
2386,Bangalore,Koramangala,Commercial,0,2552,1,12,18,Swimming Pool|Visitor Parking|Garden|Power Backup|Security|Play Area|Club House|Intercom|CCTV|Gym|Lift|Fire Safety|Jogging Track|Parking,14,35175300,4.4,2.9,8.5,7.4,5.8,7.04,2.13,4.58,0
2387,Hyderabad,Banjara Hills,Independent House,3,1325,3,1,0,Parking|Gym|Fire Safety|Play Area|Club House|Intercom|Security|Lift|Power Backup|CCTV|Visitor Parking|Garden,12,20891419,3.1,3.5,0.6,5.9,3.27,5.02,7.34,6.18,0
2388,Kolkata,Salt Lake,Villa,5,2189,5,0,8,,0,14952007,7.2,2.1,4.1,6.9,5.08,6.08,5.17,5.62,0
2389,Delhi,Lajpat Nagar,Villa,3,5273,3,0,17,Swimming Pool|Gym|Fire Safety|Security|Intercom|Parking|Power Backup|Jogging Track,8,73925578,8.7,3.1,2.4,2.8,4.25,2.36,8.64,5.5,0
2390,Bangalore,Whitefield,Apartment,1,720,1,17,21,Parking|Garden|Security|Fire Safety|Gym|Intercom|Jogging Track|Visitor Parking,8,6234599,8.8,6.7,5.2,7.2,6.97,5.82,4.11,4.96,0
2391,Mumbai,Andheri,Commercial,0,2615,3,21,21,Play Area,1,42833089,4.8,2.5,3.8,0.1,2.8,6.49,9.3,7.9,0
2392,Chennai,Porur,Plot,0,4749,1,0,1,,0,31126250,1.3,2.6,7.2,7.8,4.73,7.8,13.79,10.79,0
2393,Ahmedabad,Bodakdev,Plot,0,2777,2,0,17,Fire Safety|Visitor Parking|Gym|Play Area|Intercom,5,16859833,3.2,1.8,4.6,5.3,3.72,2.49,2.54,2.52,0
2394,Surat,Adajan,Commercial,0,1384,3,9,11,Garden|Club House|CCTV|Power Backup,4,6526915,4.0,3.4,8.2,6.0,5.4,4.72,7.98,6.35,0
2395,Hyderabad,Kondapur,Plot,0,1752,3,0,24,Intercom|Fire Safety|Club House|Parking|Jogging Track|Security|Garden|Visitor Parking|Gym|Swimming Pool,10,11730393,7.6,3.8,7.8,5.4,6.15,7.64,6.21,6.92,0
2396,Ahmedabad,Satellite,Plot,0,1606,1,0,17,Fire Safety|Intercom|Power Backup|Lift|Gym|Parking|Visitor Parking|Swimming Pool|Garden|Jogging Track|Security|CCTV|Club House,13,9935390,3.9,3.8,4.9,2.0,3.65,3.31,5.16,4.24,0
2397,Delhi,Dwarka,Plot,0,4208,1,0,21,Parking|Play Area|Visitor Parking|Swimming Pool,4,37016399,3.0,2.3,6.0,9.9,5.3,6.42,3.9,5.16,0
2398,Kolkata,Park Street,Plot,0,1022,2,0,12,Club House|Intercom|CCTV|Fire Safety|Jogging Track,5,6227122,4.8,0.2,3.8,5.6,3.6,7.77,1.04,4.4,0
2399,Chennai,Adyar,Villa,4,3666,4,0,12,Security|Jogging Track|Swimming Pool|Garden|CCTV|Parking|Intercom|Club House|Play Area|Lift|Gym,11,41210803,1.7,9.4,3.8,6.0,5.22,3.68,1.61,2.65,0
2400,Chennai,Anna Nagar,Plot,0,1989,3,0,3,Intercom,1,16800603,1.3,1.6,4.8,5.2,3.23,2.12,8.51,5.31,0
2401,Ahmedabad,Thaltej,Plot,0,1237,2,0,10,Power Backup|Intercom|CCTV|Visitor Parking|Lift|Fire Safety|Jogging Track|Play Area|Club House|Security,10,6171350,0.6,1.6,8.7,1.1,3.0,2.75,4.91,3.83,0
2402,Kolkata,Park Street,Plot,0,3715,3,0,23,Intercom,1,21544331,6.6,9.9,8.9,0.1,6.38,2.46,3.96,3.21,0
2403,Pune,Wakad,Villa,3,5141,3,0,6,Swimming Pool|Parking|CCTV|Power Backup|Garden|Jogging Track|Play Area|Club House|Fire Safety|Security|Gym|Intercom|Visitor Parking,13,49324760,2.2,9.1,5.1,0.9,4.32,7.04,3.96,5.5,0
2404,Surat,Althan,Commercial,0,519,2,16,30,Jogging Track|Gym,2,1810482,2.1,8.2,5.0,4.3,4.9,4.96,3.64,4.3,0
2405,Bangalore,Koramangala,Plot,0,2617,3,0,6,Swimming Pool|Visitor Parking|Security|Fire Safety|Power Backup|Intercom,6,40541192,5.8,7.5,0.5,6.9,5.18,7.01,4.4,5.71,0
2406,Bangalore,Hebbal,Independent House,3,1380,3,16,24,Intercom|Security|Garden|Club House|Visitor Parking,5,9311102,9.2,5.5,8.3,1.5,6.12,7.1,14.99,11.04,0
2407,Hyderabad,Jubilee Hills,Villa,3,4439,3,0,24,Garden|Swimming Pool|Power Backup|Lift|Visitor Parking|Parking|Fire Safety|Play Area|Gym|Intercom|Security|CCTV|Jogging Track|Club House,14,40901911,9.9,7.1,4.1,0.4,5.38,6.18,6.53,6.36,0
2408,Surat,Althan,Independent House,3,1264,3,3,26,Jogging Track|Visitor Parking|Intercom,3,4985599,2.3,3.1,2.2,0.5,2.03,3.45,13.53,8.49,0
2409,Ahmedabad,Thaltej,Plot,0,3566,3,0,1,CCTV|Club House|Jogging Track|Play Area|Lift|Garden|Power Backup|Swimming Pool|Intercom|Parking,10,20807198,0.3,9.9,6.1,8.7,6.25,6.22,7.45,6.83,0
2410,Hyderabad,Madhapur,Apartment,4,1610,4,16,2,Security,1,15225601,6.2,1.9,4.3,0.3,3.17,6.15,2.69,4.42,0
2411,Hyderabad,Madhapur,Apartment,2,956,2,4,20,Play Area|Parking,2,8414108,9.5,0.9,6.2,8.8,6.35,7.04,4.21,5.62,0
2412,Mumbai,Juhu,Villa,3,3722,3,0,13,Lift|Gym|Swimming Pool|Intercom|Jogging Track,5,102278696,3.1,2.7,3.0,9.7,4.62,7.24,4.79,6.02,0
2413,Mumbai,Andheri,Independent House,2,1213,2,26,24,Gym|Jogging Track|CCTV|Lift|Power Backup,5,19864884,7.0,9.4,1.2,7.4,6.25,4.55,1.91,3.23,0
2414,Pune,Wakad,Independent House,1,913,1,25,18,Swimming Pool|Lift|Power Backup|Garden,4,7536053,5.4,7.1,9.0,4.7,6.55,3.92,12.63,8.28,0
2415,Bangalore,HSR Layout,Independent House,1,950,1,20,19,,0,8539654,8.2,3.9,0.8,9.0,5.47,6.68,1.38,4.03,0
2416,Hyderabad,Madhapur,Plot,0,3417,3,0,8,Jogging Track|CCTV,2,33584101,1.8,6.3,1.7,4.8,3.65,6.27,7.06,6.66,0
2417,Kolkata,Alipore,Villa,3,4642,3,0,7,Intercom|Club House|Swimming Pool,3,36851535,0.9,0.7,8.2,7.8,4.4,3.15,10.48,6.82,0
2418,Surat,Vesu,Independent House,2,943,2,20,20,Parking|Lift|Gym|Club House|Play Area|Fire Safety|Security|Intercom|Power Backup|Swimming Pool|Visitor Parking|Garden|Jogging Track,13,4754509,2.6,4.7,1.0,9.6,4.47,5.16,7.11,6.13,0
2419,Surat,Katargam,Apartment,4,1994,4,25,11,Lift|Parking|Fire Safety|Security|Intercom|Visitor Parking|Club House|Jogging Track|Swimming Pool|Power Backup|CCTV|Garden,12,8431895,2.7,3.4,8.3,5.8,5.05,4.08,14.64,9.36,0
2420,Jaipur,Ajmer Road,Commercial,0,1828,3,8,28,Power Backup|Play Area|Gym|Security|CCTV|Club House|Intercom|Parking|Fire Safety|Swimming Pool|Garden|Visitor Parking|Jogging Track|Lift,14,7026208,0.4,4.6,8.0,5.2,4.55,2.03,11.67,6.85,0
2421,Surat,Katargam,Independent House,2,1081,2,16,30,Security|Lift|Visitor Parking|CCTV|Club House|Play Area|Intercom,7,3192346,5.9,6.1,2.6,0.2,3.7,6.2,7.41,6.8,0
2422,Mumbai,Juhu,Commercial,0,510,1,27,8,Power Backup|Swimming Pool|Visitor Parking|Gym|Security|Intercom|Lift|Club House|Garden,9,15992893,4.5,3.4,4.8,3.6,4.08,4.59,5.56,5.07,0
2423,Pune,Hinjewadi,Commercial,0,2369,2,30,0,Swimming Pool|Club House|Power Backup|Play Area|Lift|CCTV|Parking|Fire Safety|Jogging Track|Visitor Parking,10,24665721,3.7,8.9,9.8,5.8,7.05,3.97,13.36,8.66,0
2424,Chennai,Velachery,Apartment,3,1418,3,13,27,CCTV|Visitor Parking|Security|Power Backup|Garden|Lift|Gym|Swimming Pool|Fire Safety|Parking|Club House,11,8253359,4.3,4.7,7.0,5.9,5.47,7.4,12.22,9.81,0
2425,Delhi,Vasant Kunj,Apartment,2,969,2,1,27,Fire Safety|Security|Intercom|Garden|Power Backup|Club House|Parking|Jogging Track|Visitor Parking|CCTV,10,12835244,7.9,6.3,7.6,2.5,6.07,5.88,9.02,7.45,0
2426,Kolkata,Alipore,Apartment,4,1400,4,10,16,Security|Gym|Jogging Track|Swimming Pool|Visitor Parking,5,8584582,8.5,1.4,5.5,3.8,4.8,4.0,14.54,9.27,0
2427,Surat,Vesu,Apartment,3,1515,3,27,11,Fire Safety|Jogging Track,2,8744472,3.5,3.8,4.7,8.9,5.22,4.32,6.81,5.56,0
2428,Mumbai,Andheri,Plot,0,2566,2,0,9,Lift|Security|Play Area|CCTV|Fire Safety|Club House|Intercom|Garden|Power Backup|Swimming Pool,10,46369083,5.4,6.7,1.5,2.2,3.95,4.64,6.9,5.77,0
2429,Ahmedabad,Bodakdev,Plot,0,2600,1,0,28,Lift|Fire Safety|Garden|Power Backup|Play Area|Club House|Parking,7,11805513,8.9,3.9,9.4,4.4,6.65,3.88,1.58,2.73,0
2430,Surat,Althan,Commercial,0,2300,2,8,25,Visitor Parking|Garden|CCTV|Lift|Play Area|Security|Jogging Track,7,8338525,7.1,1.4,3.5,1.9,3.48,6.5,12.02,9.26,0
2431,Mumbai,Andheri,Plot,0,3989,2,0,13,Power Backup|Lift|Gym|Visitor Parking|Parking|Jogging Track|Fire Safety|Security,8,76036728,0.8,6.0,3.5,3.0,3.33,2.46,11.56,7.01,0
2432,Hyderabad,Gachibowli,Apartment,1,616,1,20,22,,0,4606520,2.8,0.3,4.1,4.0,2.8,6.36,3.1,4.73,0
2433,Chennai,Velachery,Independent House,2,1068,2,30,25,Play Area|Fire Safety|Club House|Garden|Security,5,6921884,1.8,2.0,6.8,9.4,5.0,4.58,1.45,3.02,0
2434,Mumbai,Bandra,Independent House,4,1229,4,27,18,Swimming Pool|Fire Safety|Gym|Security|Lift|Garden|Club House|Jogging Track|Power Backup|CCTV|Play Area,11,34553163,9.9,0.9,1.0,8.9,5.18,5.01,11.48,8.25,0
2435,Ahmedabad,Prahlad Nagar,Plot,0,4292,1,0,9,Lift|Power Backup|Visitor Parking|Club House|Swimming Pool|Intercom|Play Area|Fire Safety|Security|Gym|Parking,11,29941706,7.3,4.1,6.7,8.6,6.67,7.0,8.67,7.83,0
2436,Bangalore,Hebbal,Apartment,3,1136,3,11,12,CCTV|Fire Safety|Garden|Gym|Intercom,5,9660538,0.7,7.2,7.0,6.9,5.45,2.02,3.53,2.77,0
2437,Bangalore,Indiranagar,Plot,0,3141,1,0,10,Fire Safety|Power Backup|Play Area|Security,4,38900038,4.2,9.1,0.7,0.5,3.62,2.4,13.26,7.83,0
2438,Jaipur,Mansarovar,Plot,0,1064,2,0,15,Power Backup|Security|Visitor Parking|Intercom,4,5254535,0.9,4.5,7.4,3.4,4.05,3.57,5.19,4.38,0
2439,Chennai,T Nagar,Apartment,2,967,2,19,8,Swimming Pool|Gym|Jogging Track|Play Area,4,9423351,7.2,7.8,4.8,2.3,5.53,4.14,2.15,3.14,0
2440,Kolkata,Ballygunge,Independent House,4,1690,4,9,3,Swimming Pool|Security|Garden,3,13765636,6.7,0.1,3.6,3.7,3.53,3.61,14.23,8.92,0
2441,Kolkata,Park Street,Commercial,0,621,2,6,30,Intercom|Visitor Parking|Fire Safety|Garden|Parking|Swimming Pool|Power Backup|Lift|Club House,9,3567492,8.8,8.1,0.6,5.8,5.83,3.82,13.41,8.62,0
2442,Delhi,Rohini,Commercial,0,1836,2,11,25,Fire Safety|Swimming Pool|Club House|Power Backup|Garden|Parking|Security|Lift,8,17569131,8.5,5.9,3.1,7.6,6.28,5.43,8.67,7.05,0
2443,Mumbai,Thane,Apartment,2,1291,2,17,2,Lift|Club House|Security|Fire Safety|Parking|CCTV|Play Area|Swimming Pool|Gym|Power Backup|Intercom|Jogging Track|Visitor Parking,13,23495787,2.4,7.6,0.5,5.9,4.1,7.54,3.43,5.49,0
2444,Jaipur,C-Scheme,Villa,4,3382,4,0,9,Swimming Pool,1,17551237,4.0,2.0,0.8,8.8,3.9,4.14,3.74,3.94,0
2445,Mumbai,Bandra,Independent House,2,819,2,6,1,Lift|Fire Safety|Gym|Power Backup|Play Area|Intercom|Swimming Pool|Garden|Club House|Jogging Track|Visitor Parking|Parking,12,30363464,7.4,3.6,5.5,6.6,5.78,3.88,7.39,5.63,0
2446,Kolkata,New Town,Independent House,3,1310,3,3,25,Jogging Track|Parking|CCTV|Fire Safety|Swimming Pool|Visitor Parking|Club House|Lift,8,6085136,6.0,3.4,0.6,3.1,3.27,2.49,9.65,6.07,0
2447,Delhi,Dwarka,Plot,0,1657,3,0,23,Play Area|Club House|Jogging Track|CCTV|Swimming Pool|Gym,6,15542992,7.5,8.4,7.0,5.3,7.05,2.79,10.3,6.54,0
2448,Bangalore,Koramangala,Plot,0,1958,2,0,26,Parking|Fire Safety|Play Area|Swimming Pool|Power Backup|Garden|Club House|Jogging Track,8,23590634,3.8,6.2,7.8,9.5,6.83,2.18,3.71,2.95,0
2449,Chennai,Porur,Commercial,0,653,3,0,0,CCTV|Security|Parking|Play Area|Garden,5,5275006,7.6,5.5,4.6,7.0,6.17,2.95,1.43,2.19,0
2450,Ahmedabad,Prahlad Nagar,Commercial,0,1691,3,15,23,Lift|Visitor Parking,2,9312599,4.6,1.2,6.1,0.9,3.2,4.01,13.61,8.81,0
2451,Mumbai,Powai,Commercial,0,2931,1,22,29,Play Area|Intercom,2,50896713,8.1,0.4,5.5,1.7,3.92,7.61,3.55,5.58,0
2452,Mumbai,Juhu,Independent House,3,1488,3,8,14,Club House|Jogging Track|CCTV|Garden|Gym|Visitor Parking|Lift|Fire Safety|Intercom|Power Backup|Parking|Swimming Pool,12,46898392,6.9,2.0,0.9,3.9,3.43,5.76,5.96,5.86,0
2453,Bangalore,Whitefield,Commercial,0,2589,2,16,16,Intercom|Power Backup|Jogging Track|Club House|Garden|Play Area|Security|Gym|Swimming Pool|Visitor Parking|Fire Safety|CCTV|Lift|Parking,14,27291350,0.2,0.9,1.0,7.3,2.35,3.16,6.35,4.75,0
2454,Chennai,Porur,Commercial,0,1434,3,24,14,Swimming Pool|Visitor Parking|CCTV|Jogging Track|Gym|Security|Play Area|Fire Safety|Parking|Power Backup|Garden|Intercom|Club House|Lift,14,11889561,9.5,5.7,3.1,5.9,6.05,6.52,4.63,5.57,0
2455,Surat,Adajan,Independent House,2,957,2,14,4,Security|CCTV|Garden|Swimming Pool|Club House|Power Backup|Fire Safety|Jogging Track,8,5227014,5.6,7.3,1.3,7.3,5.38,4.96,12.31,8.63,0
2456,Chennai,Adyar,Commercial,0,1954,3,16,23,Club House|Visitor Parking|Garden|Fire Safety|Parking|CCTV|Jogging Track|Play Area|Power Backup|Lift|Swimming Pool|Gym,12,15201484,1.6,5.4,0.0,7.6,3.65,5.16,3.16,4.16,0
2457,Pune,Kharadi,Apartment,4,1722,4,16,10,Intercom|Jogging Track|Lift|Play Area|Club House|Power Backup,6,16982495,6.4,5.0,6.1,4.0,5.38,3.94,8.72,6.33,0
2458,Ahmedabad,Prahlad Nagar,Independent House,3,1588,3,15,10,Swimming Pool|Security,2,10515650,2.0,9.4,3.2,3.4,4.5,6.72,5.62,6.17,0
2459,Bangalore,Hebbal,Commercial,0,2301,2,17,22,Lift|Swimming Pool|Play Area|Visitor Parking|Fire Safety|Intercom|Club House,7,19067070,9.8,1.6,4.4,7.6,5.85,7.03,10.13,8.58,0
2460,Surat,Althan,Plot,0,4276,2,0,10,Lift|CCTV|Club House,3,19299233,3.2,7.7,7.8,4.4,5.78,7.32,9.56,8.44,0
2461,Ahmedabad,Thaltej,Commercial,0,2048,1,29,23,,0,8577210,0.5,9.6,3.5,5.0,4.65,3.1,12.69,7.89,0
2462,Kolkata,New Town,Apartment,1,767,1,18,15,Play Area|Parking|Visitor Parking|Lift|Jogging Track|CCTV|Fire Safety|Club House|Power Backup|Swimming Pool,10,3913775,6.6,1.7,3.8,5.5,4.4,5.41,8.28,6.84,0
2463,Chennai,Porur,Apartment,1,924,1,27,16,,0,5342268,7.9,2.0,3.0,0.1,3.25,7.03,5.67,6.35,0
2464,Hyderabad,Kondapur,Villa,4,5069,4,0,12,Power Backup|Swimming Pool|Garden|Jogging Track|Lift|CCTV|Club House|Gym|Parking|Visitor Parking|Intercom,11,38069607,0.4,8.9,4.8,2.7,4.2,6.49,14.87,10.68,0
2465,Bangalore,Indiranagar,Villa,3,4525,3,0,23,Club House|Jogging Track|Lift,3,46198456,0.6,6.0,1.5,5.3,3.35,7.89,6.72,7.3,0
2466,Bangalore,Hebbal,Independent House,1,687,1,2,28,Garden|Fire Safety|Jogging Track|Play Area|Security|Intercom|CCTV|Club House|Gym|Power Backup|Lift|Swimming Pool|Parking|Visitor Parking,14,5313969,1.6,1.8,2.6,9.4,3.85,4.22,7.69,5.96,0
2467,Jaipur,C-Scheme,Independent House,4,1202,4,14,17,Visitor Parking|Gym|Power Backup|Garden|Swimming Pool|CCTV|Intercom|Security|Club House,9,7766163,0.7,5.7,6.9,3.0,4.08,6.76,9.46,8.11,0
2468,Bangalore,HSR Layout,Villa,5,2621,5,0,13,Lift|CCTV|Intercom|Parking|Jogging Track|Security|Garden|Power Backup|Fire Safety|Visitor Parking|Play Area|Swimming Pool|Club House|Gym,14,31374531,7.8,5.8,0.4,0.2,3.55,3.96,11.15,7.55,0
2469,Chennai,T Nagar,Independent House,2,1192,2,13,17,Play Area|Power Backup|Swimming Pool|Garden|Club House|Parking|Intercom,7,9381899,8.3,2.7,6.1,9.0,6.53,4.92,14.25,9.59,0
2470,Hyderabad,Madhapur,Apartment,3,1215,3,11,18,Power Backup|Swimming Pool|Gym|Play Area|Jogging Track|Visitor Parking|Intercom,7,10763591,6.4,4.6,8.6,7.7,6.83,5.69,4.68,5.19,0
2471,Delhi,Vasant Kunj,Commercial,0,2281,1,5,11,Power Backup|Intercom|Garden|Club House|Lift,5,42041756,3.4,6.5,7.3,4.9,5.53,2.57,8.48,5.53,0
2472,Pune,Wakad,Villa,5,4372,5,0,4,Fire Safety|Parking|Intercom,3,33925193,3.7,5.5,8.3,6.7,6.05,5.49,14.55,10.02,0
2473,Pune,Wakad,Commercial,0,1534,2,11,29,Swimming Pool|Play Area|Club House|Jogging Track|Gym|Parking|Lift|Garden,8,9600194,7.8,4.1,2.4,7.4,5.42,5.93,14.47,10.2,0
2474,Chennai,Porur,Apartment,3,1018,3,14,3,Club House|Visitor Parking|CCTV|Power Backup,4,7197155,1.0,7.3,4.9,5.9,4.78,6.32,12.29,9.3,0
2475,Hyderabad,Madhapur,Apartment,3,1327,3,18,10,,0,10913249,2.2,9.4,3.7,7.7,5.75,2.22,7.46,4.84,0
2476,Hyderabad,Jubilee Hills,Plot,0,1625,1,0,2,Garden|CCTV|Play Area|Gym|Jogging Track|Swimming Pool|Power Backup,7,21508167,9.4,4.6,7.9,2.7,6.15,2.2,8.6,5.4,0
2477,Surat,Vesu,Commercial,0,1580,2,21,3,Jogging Track|Parking|Swimming Pool|Garden|CCTV|Security,6,8784249,7.7,9.2,4.2,4.0,6.27,3.5,14.98,9.24,0
2478,Kolkata,Ballygunge,Villa,4,4716,4,0,22,CCTV|Club House|Gym|Power Backup|Jogging Track|Play Area|Parking|Swimming Pool,8,31616926,2.1,7.8,9.7,2.3,5.48,4.07,2.49,3.28,0
2479,Hyderabad,Jubilee Hills,Apartment,1,739,1,6,1,Power Backup|Lift|Parking|Fire Safety|Visitor Parking|Security|Club House|Intercom|Garden,9,8890032,3.1,7.1,7.3,4.1,5.4,6.61,13.38,10.0,0
2480,Chennai,Adyar,Apartment,2,1160,2,24,27,Play Area|Gym|Fire Safety|Visitor Parking|Power Backup|Security|Garden|Club House|CCTV|Intercom|Parking|Lift|Jogging Track|Swimming Pool,14,9781462,5.1,9.7,3.4,9.5,6.92,6.02,4.32,5.17,0
2481,Ahmedabad,Thaltej,Independent House,1,672,1,28,16,Visitor Parking|Intercom|Club House|Jogging Track|CCTV|Swimming Pool|Fire Safety|Play Area|Power Backup|Garden|Lift|Gym|Parking,13,3710986,6.6,3.2,1.6,3.8,3.8,7.54,9.2,8.37,0
2482,Jaipur,Ajmer Road,Villa,4,4307,4,0,12,Visitor Parking|Garden|Power Backup|Lift|Play Area|Club House|Fire Safety|Jogging Track|Swimming Pool|Intercom|Parking|Security,12,18532645,2.8,9.2,1.1,1.0,3.52,6.63,8.45,7.54,0
2483,Pune,Hinjewadi,Villa,4,5487,4,0,6,Gym|Play Area|Garden|Parking|Fire Safety|Security|Swimming Pool|Jogging Track,8,61814932,4.4,9.5,4.3,3.0,5.3,2.6,11.9,7.25,0
2484,Chennai,Porur,Apartment,3,1391,3,21,4,Gym|Swimming Pool,2,9229644,5.2,2.0,3.2,9.7,5.03,7.4,2.56,4.98,0
2485,Ahmedabad,Satellite,Commercial,0,1148,2,0,6,,0,7140360,8.8,3.9,2.9,9.1,6.18,2.28,9.02,5.65,0
2486,Kolkata,Ballygunge,Plot,0,1688,3,0,7,Power Backup|Club House|Parking|CCTV|Garden|Gym|Fire Safety|Security|Play Area|Visitor Parking|Intercom|Jogging Track,12,14548355,9.6,5.0,0.4,5.5,5.12,7.07,6.53,6.8,0
2487,Mumbai,Thane,Independent House,1,856,1,12,26,Security|Gym|Fire Safety|Play Area|Parking|Club House|Lift|Garden|CCTV,9,9916097,2.6,4.3,3.0,5.9,3.95,2.5,1.52,2.01,0
2488,Hyderabad,Jubilee Hills,Apartment,4,1456,4,25,25,Gym|CCTV|Jogging Track|Power Backup|Fire Safety|Security|Lift|Swimming Pool|Parking,9,12271338,10.0,7.1,6.0,6.8,7.48,2.74,1.97,2.35,0
2489,Pune,Hadapsar,Commercial,0,708,1,12,17,CCTV|Club House,2,3946765,0.1,2.8,1.2,3.3,1.85,3.48,9.38,6.43,0
2490,Kolkata,New Town,Independent House,2,1005,2,25,0,Parking|Swimming Pool,2,6828284,7.3,7.6,5.5,5.1,6.38,4.2,4.87,4.54,0
2491,Mumbai,Andheri,Commercial,0,1249,1,24,11,Security|Visitor Parking|Intercom|Lift|Fire Safety|Swimming Pool|Gym|CCTV,8,22721225,2.4,8.0,8.5,4.8,5.92,4.03,4.55,4.29,0
2492,Surat,Vesu,Independent House,1,613,1,28,5,Swimming Pool|Lift|Gym|Fire Safety|Parking|Intercom|Security|Play Area|Jogging Track|Visitor Parking|CCTV,11,4251700,9.5,5.8,4.8,5.8,6.48,7.59,5.74,6.67,0
2493,Surat,Piplod,Apartment,4,1704,4,2,27,Jogging Track|Gym|Security|Visitor Parking|Garden|Club House|Power Backup,7,6405403,8.9,3.0,1.3,9.1,5.58,6.19,1.07,3.63,0
2494,Delhi,Saket,Independent House,2,1189,2,20,20,CCTV|Garden|Security|Jogging Track|Power Backup|Club House|Lift|Gym,8,17513379,4.5,8.3,4.6,8.7,6.52,4.61,1.85,3.23,0
2495,Kolkata,Park Street,Villa,4,4459,4,0,30,Fire Safety|Jogging Track|CCTV|Power Backup|Security|Swimming Pool|Play Area|Club House|Intercom|Gym,10,27577607,1.8,5.8,4.2,8.3,5.03,6.35,5.67,6.01,0
2496,Ahmedabad,Prahlad Nagar,Independent House,1,600,1,9,17,Intercom|Gym|CCTV|Lift,4,4207277,9.8,7.3,2.2,1.2,5.12,2.56,5.82,4.19,0
2497,Mumbai,Powai,Independent House,2,1047,2,1,14,Visitor Parking|CCTV|Garden|Fire Safety|Lift|Power Backup|Club House|Intercom|Gym,9,26753689,0.5,9.5,5.8,3.9,4.92,7.29,6.07,6.68,0
2498,Pune,Wakad,Independent House,4,1353,4,16,18,Power Backup|Parking|Visitor Parking|Club House|CCTV|Security|Lift|Fire Safety|Jogging Track|Garden|Gym|Intercom,12,11242406,6.1,2.6,6.9,5.3,5.22,4.09,6.84,5.46,0
2499,Kolkata,Ballygunge,Commercial,0,2747,1,29,27,Jogging Track|Club House|Swimming Pool|Security|Intercom|Parking|Visitor Parking|Power Backup|Lift|Play Area,10,18376469,7.7,4.4,4.4,4.6,5.28,5.58,7.56,6.57,0
2500,Hyderabad,Jubilee Hills,Commercial,0,1964,1,12,7,Power Backup|CCTV|Parking|Fire Safety|Swimming Pool|Visitor Parking|Gym,7,24564215,7.6,9.9,1.2,5.5,6.05,4.52,3.62,4.07,0
